Date,US dollar,Euro,Pound sterling,Japanese yen
1969/12/31,35.2,22.24,14.66,12592.44
1970/1/30,34.99,23.2,14.54,12496.35
1970/2/27,35.02,23.26,14.55,12529.95
1970/3/31,35.3,23.42,14.67,12627.65
1970/4/30,35.85,23.79,14.93,12858.36
1970/5/29,35.45,23.54,14.8,12757.88
1970/6/30,35.49,23.55,14.85,12764.72
1970/7/31,35.3,23.45,14.81,12728.16
1970/8/31,35.8,23.58,14.99,12799.92
1970/9/30,36.4,23.98,15.23,13018.66
1970/10/30,37.25,24.58,15.6,13341.25
1970/11/30,37.54,24.71,15.69,13403.93
1970/12/31,37.38,24.41,15.46,13239.03
1971/1/29,38.05,25.09,15.75,13613.21
1971/2/26,38.8,25.58,16.06,13867.1
1971/3/31,38.88,25.61,16.08,13892.95
1971/4/30,39.7,26.14,16.41,14188.38
1971/5/31,40.84,26.9,16.89,14594.98
1971/6/30,40.1,26.39,16.57,14328.74
1971/7/30,42.4,27.92,17.53,15153.74
1971/8/31,40.65,26.1,16.53,13538.98
1971/9/30,42.6,27.39,17.15,14059.41
1971/10/29,42.34,27.22,17,13957.5
1971/11/30,43.6,27.93,17.48,14250.08
1971/12/31,43.55,27.06,17.06,13691.48
1972/1/31,47.15,28.99,18.18,14624.17
1972/2/29,48.2,29.51,18.49,14619.8
1972/3/31,48.38,29.36,18.5,14695.64
1972/4/28,49.6,30.17,19,15092.19
1972/5/31,59.45,36.01,22.75,18096.15
1972/6/30,64.65,39.03,26.45,19085.52
1972/7/31,68.3,41.31,27.88,20559.69
1972/8/31,66.88,40.23,27.32,20090.92
1972/9/29,64.2,38.78,26.53,19326.34
1972/10/31,64.39,39.27,27.55,19410.68
1972/11/30,63.6,38.71,27.04,19127.31
1972/12/29,64.9,39.55,27.66,19568.2
1973/1/31,66,40.81,27.73,19897.07
1973/2/28,85,48.14,34.25,22585.63
1973/3/30,90,51.83,36.3,23834.22
1973/4/30,90.72,52.61,36.45,24145.47
1973/5/31,114.75,65.04,44.73,30392.78
1973/6/29,123.25,67.54,47.76,32263.28
1973/7/31,115.6,63.58,46.23,30535.41
1973/8/31,103.5,57.35,42.09,27419.59
1973/9/28,100,54.93,41.43,26534.94
1973/10/31,98,54.3,40.18,26098.24
1973/11/30,101,58.89,43.07,28232.64
1973/12/31,112.25,65.95,48.32,31384.58
1974/1/31,132.5,82.65,58.06,39453.89
1974/2/28,162.5,100.08,70.54,46802.46
1974/3/29,173,100.68,72.23,47602.1
1974/4/30,169.25,97.53,69.56,47234.18
1974/5/31,156.75,92.29,65.41,44183.03
1974/6/28,144.25,85.08,60.44,41041.61
1974/7/31,156,91.61,65.55,46668.94
1974/8/30,156,93.61,67.31,47254.41
1974/9/30,151.25,90.4,64.84,45131.84
1974/10/31,167,99.31,71.54,50150.83
1974/11/29,184,107.71,79.11,55215.86
1974/12/31,186.5,106.18,79.36,56029.4
1975/1/31,175.8,98.8,73.88,52492.53
1975/2/28,181.75,99.58,74.81,52067.51
1975/3/31,177.25,98.85,73.84,51834.86
1975/4/30,167,92.69,70.91,48788.12
1975/5/30,167,91.82,72.26,48777.59
1975/6/30,166.25,92.63,76.49,49565.26
1975/7/31,166.7,98.41,77.62,49794.25
1975/8/29,159.8,94.56,75.72,47625.81
1975/9/30,141.25,85.78,69.15,42800.94
1975/10/31,142.9,84.59,68.78,43162.37
1975/11/28,138.15,83.49,68.48,41975.69
1975/12/31,140.25,84.68,69.32,42788.35
1976/1/30,128.15,80.12,63.13,38950.05
1976/2/27,132.3,84.37,65.32,40006.82
1976/3/31,129.6,85.94,67.61,38873.24
1976/4/30,128.4,87.07,69.76,38474.65
1976/5/31,125.5,84.52,71.37,37717.84
1976/6/30,123.8,83.13,69.36,36897.27
1976/7/30,112.5,75.95,63.01,33015.97
1976/8/31,104,70.12,58.51,30015.22
1976/9/30,116,78.1,69.84,33347.41
1976/10/29,123.15,83.06,77.65,36300.55
1976/11/30,130.25,87.92,78.82,38700.65
1976/12/31,134.5,90.21,79.04,39440.3
1977/1/31,132.3,89.95,77.14,38185.75
1977/2/28,142.75,97.08,83.29,40377.01
1977/3/31,148.9,102.08,86.57,41380.39
1977/4/29,147.25,100.64,85.64,40936.12
1977/5/31,142.95,97.73,83.16,39666.76
1977/6/30,143,97.61,83.14,38285.79
1977/7/29,144.1,100.32,82.96,38493.04
1977/8/31,146,102.04,83.77,39036.11
1977/9/30,154.05,107.8,88.15,40680.98
1977/10/31,161.5,111.51,87.75,40276.31
1977/11/30,160.05,110.18,88.08,39109.66
1977/12/30,164.95,110.08,86.05,39538.1
1978/1/31,175.75,117.4,90.13,42495.47
1978/2/28,182.25,119.82,93.87,43462.15
1978/3/31,181.6,118.79,97.32,40096.07
1978/4/28,170.85,113.18,93.39,38241.67
1978/5/31,184.15,122.76,100.46,40838.54
1978/6/30,183.05,120.43,98.41,37298.9
1978/7/31,200.25,129.16,103.68,37789.89
1978/8/31,208.7,132.48,107.38,39731.94
1978/9/29,217.1,135.68,109.84,41080.4
1978/10/31,242.6,141.49,116.92,43492.65
1978/11/30,193.4,122.4,99.46,38590.52
1978/12/29,226,137.06,110.7,43893.74
1979/1/31,233.7,144.84,117.44,47327.21
1979/2/28,251.3,154.64,124.19,50918.25
1979/3/30,240.1,148.04,116.22,50379.21
1979/4/30,245.3,152.76,118.82,54567.22
1979/5/31,274.6,172,132.69,60506.23
1979/6/29,277.5,169.03,127.29,60400.85
1979/7/31,296.45,179.68,131.87,64222.08
1979/8/31,315.1,190.38,139.89,69384.93
1979/9/28,397.25,233.23,180.36,89144.59
1979/10/31,382,231.45,184.01,90807.88
1979/11/30,415.65,244.87,188.97,103747.21
1979/12/31,512,299.12,230.63,122753.24
1980/1/31,653,385.01,288.11,156299.39
1980/2/29,637,381.48,280.25,160301.01
1980/3/31,494.5,321.56,228.51,123625.03
1980/4/30,518,317.27,229.36,123852.21
1980/5/30,535.5,323.09,228.36,119317.25
1980/6/30,653.5,392.72,277.32,143581.44
1980/7/31,614.25,372.37,262.16,139733.44
1980/8/29,631.25,386.52,263.41,138287.63
1980/9/30,666.75,412.83,279.27,140611.01
1980/10/31,629,404.91,258.16,132821.9
1980/11/28,619.75,406.73,262.83,134174.05
1980/12/31,589.75,392.41,246.65,119873.91
1981/1/30,506.5,363.31,213.98,104745.2
1981/2/27,489,357.95,221.77,102568.08
1981/3/31,513.75,375.1,228.89,108495.29
1981/4/30,482.75,369.74,225.53,104139.22
1981/5/29,479.25,386.14,231.52,107310.34
1981/6/30,426,353.4,220.67,96652.77
1981/7/31,406,346.87,220.47,97559.14
1981/8/31,425,362.53,229.85,97458.09
1981/9/30,428.75,349.87,237.53,99645.86
1981/10/30,427,347.03,229.57,99518.62
1981/11/30,414.5,332.94,212.02,88783.57
1981/12/31,397.5,327.48,208.22,87350.12
1982/1/29,387,327.92,205.74,88366.05
1982/2/26,362.6,308.91,199.07,85797.72
1982/3/31,320,285.71,179.57,79371.51
1982/4/30,361.25,318.81,201.37,85177.74
1982/5/31,325.25,284.76,181.65,79200.8
1982/6/30,317.5,301.04,182.1,80809.09
1982/7/30,342.9,315.16,197.3,88289.82
1982/8/31,411.5,388.34,239.66,107608.45
1982/9/30,397,383.37,234.29,106483.75
1982/10/29,423.25,416.77,252.39,117233.06
1982/11/30,436,423.24,268.56,109033.58
1982/12/31,456.9,429.9,282.47,107339.81
1983/1/31,499.5,486.07,328.62,119945.76
1983/2/28,408.5,394.41,269.64,97069.41
1983/3/31,414.75,410.93,279.58,99109.49
1983/4/29,429.25,430.88,275.07,102120.63
1983/5/31,437.5,447.29,272.67,104637.36
1983/6/30,416,431.65,271.9,99037.93
1983/7/29,422,456.53,277.5,102048.79
1983/8/31,414.25,452.93,277.28,102037.58
1983/9/30,405,440.9,270.54,95501.08
1983/10/31,382,416.46,255.43,89401.56
1983/11/30,405,451.49,276.26,94067.22
1983/12/30,382.4,432,263.45,88651.45
1984/1/31,373.75,436.19,266.68,87803.93
1984/2/29,394.25,428.55,264.51,92049.07
1984/3/30,388.5,421.4,269.32,87261.11
1984/4/30,375.8,425.18,268.72,85317.53
1984/5/31,384.25,437.24,277.34,89025.08
1984/6/29,373.05,431.92,275.01,88552.94
1984/7/31,342.35,412.65,261.84,83983.73
1984/8/31,348.25,419.37,266.14,84168.28
1984/9/28,343.75,436.4,278.34,84476.24
1984/10/31,333.5,421.37,273.14,81941.05
1984/11/30,329,423.66,274.62,81426.13
1984/12/31,308.3,402.45,266.01,77540.56
1985/1/31,306.65,402.82,271.13,78085.95
1985/2/28,287.75,400.46,266.44,74735.07
1985/3/29,329.25,425.73,266.06,82478.9
1985/4/30,321.35,417.93,258.63,80887.16
1985/5/31,314,403.43,244.07,78835.6
1985/6/28,317.75,404.96,242.56,78952.48
1985/7/31,327.5,393.64,232.52,77544.39
1985/8/30,333.25,399.98,239.23,79544.62
1985/9/30,325.75,375.93,231.19,70455.94
1985/10/31,325.1,366.57,225.61,68753.77
1985/11/29,325.3,353.9,218.54,65726.53
1985/12/31,326.8,347.51,226.08,65450.46
1986/1/31,350.5,364.1,248.05,67594.74
1986/2/28,338.15,328.64,233.69,60993.19
1986/3/31,344,348.01,231.81,61718.4
1986/4/30,345.75,329.63,222.92,57680.74
1986/5/30,343.2,350.96,233.07,59899.76
1986/6/30,346.75,336.16,226.26,56735.83
1986/7/31,357.5,332.15,239.53,54972.42
1986/8/29,384.7,349.46,258.45,59443.07
1986/9/30,423.2,383.64,292.47,65322.55
1986/10/31,401,369.82,285.31,65478.19
1986/11/28,389.5,345.5,271.71,63105.32
1986/12/31,388.75,337.8,262.23,61492.07
1987/1/30,400.5,334.76,264.62,61523.85
1987/2/27,405.85,338.02,262.52,62150.7
1987/3/31,421,346.74,262.31,61445.03
1987/4/30,453.25,371.84,272.96,63736.17
1987/5/29,451,375.9,276.69,64952.37
1987/6/30,447.3,373.31,277.22,65632.63
1987/7/31,462.5,391.91,290.52,69287.93
1987/8/31,453.4,374.28,277.56,64394.79
1987/9/30,459.5,384.69,282.68,67278.39
1987/10/30,468.8,372.16,272.24,64725.48
1987/11/30,492.5,371.97,269.72,65203.72
1987/12/31,484.1,351.76,257.71,58756.86
1988/1/29,458,352.89,258.76,58543.8
1988/2/29,426.15,330.48,240.29,54725.53
1988/3/31,456.95,347.7,242.03,56695.21
1988/4/29,449,345.58,238.89,56080.25
1988/5/31,455.5,360.76,247.76,56984.01
1988/6/30,436.55,364.4,255.59,58274.86
1988/7/29,436.8,374.62,255.36,58095.28
1988/8/31,427.75,369.07,254.01,58358.48
1988/9/30,396.7,341.8,234.59,53135.74
1988/10/31,412.4,337.87,233.19,51768.65
1988/11/30,422.6,336.58,228.37,51497.63
1988/12/30,410.25,332.66,226.78,51252.96
1989/1/31,394,335.74,225.08,51430.46
1989/2/28,387,321.64,221.84,49082.16
1989/3/31,383.2,329.38,227.01,50737.68
1989/4/28,377.55,321.84,223.53,50127.67
1989/5/31,361.8,324.56,230.08,51480.31
1989/6/30,373,330.9,240.8,53698.52
1989/7/31,368.3,310.91,221,50443.76
1989/8/31,359.8,318.07,228.66,52020.64
1989/9/29,366.5,312.36,226.94,51173.85
1989/10/31,375.3,315.19,237.83,53571.85
1989/11/30,408.15,332.89,260.13,58335.06
1989/12/29,398.6,310.67,247.19,57287.2
1990/1/31,415.05,321.26,247.05,59972.28
1990/2/28,407.7,316.15,241.24,60672.52
1990/3/30,368.5,283.87,223.67,57987.09
1990/4/30,367.75,280.65,224.31,58375.7
1990/5/31,363.05,280.21,216.49,55420.9
1990/6/29,352.2,265.93,201.89,53602.28
1990/7/31,372.3,267.8,200.16,54393.81
1990/8/31,387.75,278.03,204.89,55780.68
1990/9/28,408.4,291.86,217.99,56458.81
1990/10/31,379.5,262.61,195.22,49292.09
1990/11/30,384.85,264.8,198.43,51243.87
1990/12/31,386.2,265.67,200.1,52377.16
1991/1/31,366,251.05,186.26,48101.57
1991/2/28,362.7,256.11,189.85,48220.78
1991/3/29,355.65,279.75,204.51,50208.24
1991/4/30,357.75,282.52,207.51,48765.23
1991/5/31,360.4,288.89,212.12,49902.39
1991/6/28,368.35,308.46,227.52,50793.19
1991/7/31,362.85,292.89,215.34,49851.52
1991/8/30,347.4,280.79,206.66,47532.41
1991/9/30,354.9,273.61,202.45,47120.95
1991/10/31,357.45,276.67,205.14,46668.54
1991/11/29,366.3,277.92,207.54,47629.39
1991/12/31,353.15,250.28,188.75,44120.18
1992/1/31,354.1,264.7,197.82,44460.3
1992/2/28,353.1,268.95,200.97,45619.62
1992/3/31,341.7,261.69,196.89,45481.28
1992/4/30,336.35,257.99,189.55,44875.08
1992/5/29,337.5,251.28,184.53,43087.08
1992/6/30,343.4,243.14,180.36,43240.65
1992/7/31,357.85,246.81,186.38,45569.99
1992/8/31,340,224.5,171.54,41899.63
1992/9/30,349,241.25,195.9,41874.13
1992/10/30,339.25,254.97,217.12,41795.6
1992/11/30,334.2,261.39,220.81,41568.03
1992/12/31,332.9,266.67,219.88,41557.52
1993/1/29,330.45,264.28,222.23,41222.92
1993/2/26,327.6,270.45,230.22,38676.62
1993/3/31,337.8,274.97,224.38,38817.25
1993/4/30,354.3,281.13,225.81,39404.32
1993/5/31,377.45,300.65,241.8,40441.07
1993/6/30,378.45,321.12,253.4,40416.99
1993/7/30,401.75,354.79,270.54,42136.42
1993/8/31,371.55,318.97,249.78,38903.5
1993/9/30,355.5,298.71,237.71,37736.97
1993/10/29,369.6,318.85,248.64,40092.83
1993/11/30,370.9,327.89,249.85,40475.44
1993/12/31,391.75,348.19,264.79,43721.26
1994/1/31,377.9,335.18,252.13,41192.97
1994/2/28,381.55,332.98,256.75,39738.41
1994/3/31,389.2,331.04,262.17,39990.29
1994/4/29,376.45,317.52,248.27,38204.02
1994/5/31,387.6,325.31,256.39,40564.26
1994/6/30,388.25,317.59,251.55,38298.92
1994/7/29,384,313.37,249.91,38467.2
1994/8/31,385.75,313,251.06,38642.5
1994/9/30,394.85,314.77,250.38,39078.28
1994/10/31,383.85,298.37,235.41,37214.24
1994/11/30,383.1,311.1,244.77,37907.73
1994/12/30,383.25,308.79,244.97,38236.85
1995/1/31,374.9,297.3,236.16,37096.34
1995/2/28,376.4,293.58,238.19,36397.87
1995/3/31,392,291.35,240.67,33868.79
1995/4/28,389.75,291.51,242.19,32746.79
1995/5/31,384.3,289.94,241.92,32529.05
1995/6/30,387.05,287.07,243.29,32860.52
1995/7/31,383.35,280.74,239.58,33750.11
1995/8/31,382.35,294.95,246.83,37451.17
1995/9/29,384,288.98,242.62,37881.59
1995/10/31,382.65,285.63,242.51,39124.04
1995/11/30,387.8,294.55,253.55,39373.31
1995/12/29,387,290.67,249.27,39920.98
1996/1/31,405.55,314.78,268.4,43359.35
1996/2/29,400.65,306.5,261.71,42136.35
1996/3/29,396.35,304.48,259.65,42330.2
1996/4/30,391.3,308.65,260.77,40990.61
1996/5/31,390.55,307.01,252.07,42218.43
1996/6/28,382,298.59,245.86,41899.67
1996/7/31,385.3,293.51,247.45,41121.12
1996/8/30,386.45,294.9,247.25,41968.46
1996/9/30,379,296.14,242.42,42211.13
1996/10/31,379.5,294.25,233.05,43164.33
1996/11/29,371.3,291.75,220.97,42253.91
1996/12/31,369.25,290.49,215.77,42858.84
1997/1/31,345.5,288.68,215.6,41943.7
1997/2/28,358.6,310.07,219.8,43279.41
1997/3/31,348.15,297.45,212.03,43104.44
1997/4/30,340.15,300.81,209.63,43168.42
1997/5/30,345.6,301.56,211.25,40272.75
1997/6/30,334.55,296.89,201.02,38282.53
1997/7/31,326.35,305.23,199.3,38639.82
1997/8/29,325.35,298.45,200.61,39136.33
1997/9/30,332.1,298.75,205.58,40094.41
1997/10/31,311.4,273.02,185.7,37452.06
1997/11/28,296.8,266.62,176.16,37879.08
1997/12/31,290.2,266.06,176.38,37733.25
1998/1/30,304.85,284.48,186.45,38654.96
1998/2/27,297.4,275.71,180.63,37570.53
1998/3/31,301,284.19,179.75,40139.85
1998/4/30,310.7,284.81,185.83,41052.78
1998/5/29,293.6,267.29,180.05,40682.66
1998/6/30,296.3,272.95,177.58,41121.96
1998/7/31,288.85,262.35,176.56,41704.14
1998/8/31,273.4,246.34,163.27,38601.33
1998/9/30,293.85,251.03,172.91,39998.84
1998/10/30,292.3,247.54,174.54,34061.7
1998/11/30,294.7,254.8,178.54,36224.52
1998/12/31,287.8,245.08,172.98,32463.81
1999/1/29,285.4,251.3,173.73,33186.3
1999/2/26,287.05,261.48,179.18,34058.46
1999/3/31,279.45,258.85,173.11,33095.26
1999/4/30,286.6,270.89,178.01,34209.99
1999/5/31,268.6,257.55,167.53,32714.12
1999/6/30,261,253.08,165.58,31591.44
1999/7/30,255.6,238.81,157.78,29333.93
1999/8/31,254.8,241.22,158.46,27937.54
1999/9/30,299,280.75,181.56,31834.53
1999/10/29,299.1,284.56,182.28,31214.06
1999/11/30,291.35,289.35,182.93,29771.58
1999/12/31,290.25,289.56,180.09,29708.54
2000/1/31,283.3,289.55,174.78,30325.83
2000/2/29,293.65,305,186.01,32258.91
2000/3/31,276.75,289.22,173.48,28384.86
2000/4/28,275.05,301.82,175.78,29726.01
2000/5/31,272.25,293.56,182.14,29314.52
2000/6/30,288.15,300.59,190.34,30487.7
2000/7/31,276.75,298.67,184.79,30326.26
2000/8/31,277,311.55,190.38,29539.28
2000/9/29,273.65,310.08,185.09,29570.61
2000/10/31,264.5,312.06,182.16,28880.75
2000/11/30,269.1,309.13,189.83,29809.53
2000/12/29,274.45,292.31,183.73,31342.18
2001/1/31,264.5,284.41,181.03,30757.38
2001/2/28,266.7,290.02,184.92,31282.57
2001/3/30,257.7,291.52,181.27,32294.96
2001/4/30,263.15,296.81,183.92,32508.22
2001/5/31,267.5,315.6,188.3,31784.35
2001/6/29,270.6,319.63,192.41,33749.21
2001/7/31,265.9,303.89,186.58,33206.91
2001/8/31,273,300.53,188.22,32488.36
2001/9/28,293.1,321.84,199.43,34916.98
2001/10/31,278.75,309.48,191.67,34120.39
2001/11/30,275.5,307.68,193.19,33919.56
2001/12/31,276.5,310.53,189.98,36238.09
2002/1/31,282.3,327.91,199.75,37764.65
2002/2/28,296.85,343.18,209.88,39725.93
2002/3/29,301.4,345.48,211.66,39946.03
2002/4/30,308.2,342.03,211.49,39572.87
2002/5/31,326.6,349.57,223.22,40532.67
2002/6/28,318.5,322.5,208.96,38175.41
2002/7/31,304.65,310.74,195.02,36484.87
2002/8/30,312.8,318.96,202.21,37087.1
2002/9/30,323.7,327.53,205.84,39407.23
2002/10/31,316.9,320,202.56,38823.41
2002/11/29,319.05,320.72,205.04,39088.39
2002/12/31,347.2,330.86,215.67,41202.22
2003/1/31,367.5,342.34,223.58,44077.95
2003/2/28,347.45,322.37,220.59,41077.27
2003/3/31,334.85,306.86,211.84,39706.49
2003/4/30,336.75,301.75,210.7,40160.8
2003/5/30,361.4,307.27,220.59,43225.23
2003/6/30,346,301.3,209.68,41545.95
2003/7/31,354.75,315.18,220.69,42763.34
2003/8/29,375.6,342.11,237.46,43824.99
2003/9/30,388,333.18,233.54,43345.42
2003/10/31,386.25,332.26,227.61,42462.39
2003/11/28,398.35,332.32,231.62,43627.27
2003/12/31,416.25,330,232.52,44609.51
2004/1/30,399.75,321.78,219.61,42313.53
2004/2/27,395.85,318.59,213.3,43250.55
2004/3/31,423.7,344.78,230.54,44079.62
2004/4/30,388.5,324.09,219.08,42872.92
2004/5/31,393.25,322.03,214.49,43463.95
2004/6/30,395.8,325.32,218.25,43187.69
2004/7/30,391.4,325.1,215.24,43623.47
2004/8/31,407.25,335.1,226.38,44693.65
2004/9/30,415.65,334.66,229.7,45810.85
2004/10/29,425.55,334.54,232.25,45189.13
2004/11/30,453.4,341.15,237.2,46607.24
2004/12/31,435.6,320.47,226.89,44635.91
2005/1/31,422.15,323.85,223.82,43673.51
2005/2/28,435.45,328.06,226.13,45410.89
2005/3/31,427.5,328.93,226.24,45725.4
2005/4/29,435.7,337.5,228.13,45711.46
2005/5/31,414.45,335.65,227.4,44667.34
2005/6/30,437.1,361.05,243.86,48435.03
2005/7/29,429,353.19,243.67,48088.75
2005/8/31,433.25,352.28,240.89,48149.24
2005/9/30,473.25,392.53,267.51,53638.15
2005/10/31,470.75,393.03,265.92,54797.65
2005/11/30,495.65,420.42,286.44,59306.99
2005/12/30,513,434.91,298.82,60549.39
2006/1/31,568.75,468.38,320,66580.71
2006/2/28,556,466.35,317.49,64398.7
2006/3/31,582,480.93,335.53,68670.17
2006/4/28,644,511.25,354.3,73544.8
2006/5/31,653,508.39,348.96,73207.82
2006/6/30,613.5,479.8,331.7,70132.24
2006/7/31,632.5,495.63,338.77,72380.14
2006/8/31,623.5,487.09,327.79,73127.19
2006/9/29,599.25,473.06,320.81,70750.44
2006/10/31,603.75,473.03,316.56,70732.33
2006/11/30,646.7,487.87,328.77,74794.08
2006/12/29,632,479.28,322.92,75305.96
2007/1/31,650.5,500.6,332.33,78684.47
2007/2/28,664.2,502.82,338.92,78697.72
2007/3/30,661.75,497.13,337.4,78136.13
2007/4/30,677,496.06,338.53,80904.88
2007/5/31,659.1,489.8,333.2,80288.24
2007/6/29,650.5,481.66,324.22,80333.49
2007/7/31,665.5,486.17,327.5,79237.75
2007/8/31,672,492.94,333.16,77894.88
2007/9/28,743,522.45,364.69,85456.14
2007/10/31,789.5,545.71,380.05,91017.5
2007/11/30,783.5,533.77,381.05,86909.73
2007/12/31,833.75,570.26,418.84,93142.38
2008/1/31,923.25,623.56,464.41,98164.55
2008/2/29,971.5,639.94,488.39,101138
2008/3/31,933.5,589.13,469.69,92915.91
2008/4/30,871,559.45,439.78,91028.21
2008/5/30,885.75,569.96,448.21,93504.19
2008/6/30,930.25,590.43,467.43,98611.14
2008/7/31,918,588.37,463.43,99222.02
2008/8/29,833,565.8,456.7,90401.32
2008/9/30,884.5,629.69,496.23,93902.94
2008/10/31,730.75,576.28,452.27,71869.26
2008/11/28,814.5,641.89,530.81,77577.05
2008/12/31,869.75,625.7,604.94,78842.83
2009/1/30,919.5,717.52,637.79,82580.29
2009/2/27,952,749.58,667.91,93148.43
2009/3/31,916.5,690.29,639.41,90522.69
2009/4/30,883.25,666.55,596.07,86898.55
2009/5/29,975.5,689.18,604.94,93116.34
2009/6/30,934.5,666.24,567.45,90165.22
2009/7/31,939,662.32,566.4,89388.1
2009/8/31,955.5,665.83,586.27,88636.96
2009/9/30,995.75,681.23,622.6,89154.46
2009/10/30,1040,704.87,630.93,94140.79
2009/11/30,1175.75,783.13,716.44,101284.97
2009/12/31,1087.5,757.97,673.44,101240.8
2010/1/29,1078.5,775.93,673.05,97771.42
2010/2/26,1108.25,812.08,727.96,98484.63
2010/3/31,1115.5,824.4,735.38,104232.31
2010/4/30,1179.25,886.89,770.42,110861.29
2010/5/31,1207.5,984.07,831.07,109924.75
2010/6/30,1244,1015.59,831.5,110081.55
2010/7/30,1169,897.3,746.44,101305.53
2010/8/31,1246,980.37,810.72,104626.6
2010/9/30,1307,957.37,829.42,109186.77
2010/10/29,1346.75,968.96,842.35,108480.7
2010/11/30,1383.5,1062.8,888.37,115895.78
2010/12/31,1405.5,1047.67,897.71,113993.07
2011/1/31,1327,967.91,828.47,108721.1
2011/2/28,1411,1021.58,867.51,115603.22
2011/3/31,1439,1014.02,897.72,119264.31
2011/4/29,1535.5,1034.98,920.59,124590.47
2011/5/31,1536.5,1068.8,933.5,124825.25
2011/6/30,1505.5,1038.38,937.74,121584.17
2011/7/29,1628.5,1133.26,992.08,125703.89
2011/8/31,1813.5,1259.55,1113.77,138678.32
2011/9/30,1620,1207.42,1039.93,124869.58
2011/10/31,1722,1234.59,1066.85,134272.93
2011/11/30,1746,1297.03,1110.12,135541.96
2011/12/30,1531,1179.37,985.14,117795.12
2012/1/31,1744,1332.26,1105.16,132980
2012/2/29,1770,1323.17,1108.02,143263.78
2012/3/30,1662.5,1248.4,1040.53,136815.43
2012/4/30,1651.25,1247.59,1016.87,131844.03
2012/5/31,1558,1260.06,1012.25,122170.56
2012/6/29,1598.5,1259.6,1019.16,127544.3
2012/7/31,1622,1317.04,1035.23,126678.19
2012/8/31,1648.5,1307.81,1037.87,129077.53
2012/9/28,1776,1380.49,1099.83,138172.78
2012/10/31,1719,1326.59,1067.01,137399.66
2012/11/30,1726,1327.08,1076.97,142343.2
2012/12/31,1657.5,1257.21,1019.69,143315.73
2013/1/31,1664.75,1226.43,1050.02,151925.08
2013/2/28,1588.5,1215.05,1046.48,146555
2013/3/29,1598.25,1244.65,1052.55,150267.45
2013/4/30,1469,1114.23,943.85,143095.27
2013/5/31,1394.5,1076,919.79,140809.62
2013/6/28,1192,917.03,785.92,118407.31
2013/7/31,1314.5,989.95,867.06,129287.64
2013/8/30,1394.75,1057.75,901.64,136845.88
2013/9/30,1326.5,979.94,819.13,130162.81
2013/10/31,1324,973.89,824.1,129897.62
2013/11/29,1253,920.28,764.93,128263.33
2013/12/31,1204.5,874.12,727.25,126598.97
2014/1/31,1251,927.66,761.2,127583.22
2014/2/28,1326.5,960.43,791.54,135389.21
2014/3/31,1291.75,937.24,774.83,133030.85
2014/4/30,1288.5,929.28,763.08,131620.27
2014/5/30,1250.5,916.42,745.52,127232.12
2014/6/30,1315,960.45,769.07,133216.07
2014/7/31,1285.25,960.58,761.27,132168.67
2014/8/29,1285.75,976.12,774.2,133570.13
2014/9/30,1216.5,962.99,750.39,133443.96
2014/10/31,1164.25,929.24,727.72,130518.24
2014/11/28,1182.75,948.74,755.24,140374.68
2014/12/31,1206,996.65,773.45,144593.36
2015/1/30,1260.25,1116.8,839.1,148035.26
2015/2/27,1214,1082.33,785.56,145127.63
2015/3/31,1187,1105.21,799.6,142350.96
2015/4/30,1180.25,1053.28,768.02,141240.52
2015/5/29,1191.4,1086.7,780.76,147846.75
2015/6/30,1171,1050.98,744.58,143289.4
2015/7/31,1098.4,994.16,703.88,136086.24
2015/8/31,1135,1012.94,737.97,137544.97
2015/9/30,1114,997.99,735.44,133418.21
2015/10/30,1142.35,1034.13,739.67,137853.05
2015/11/30,1061.9,1005.44,705.44,130911.02
2015/12/31,1060,975.79,719.18,127512.7
2016/1/29,1111.8,1027.49,783.79,134600.03
2016/2/29,1234.9,1136.53,886.12,139389.33
2016/3/31,1237,1085.52,860.64,139032.6
2016/4/29,1285.65,1122.5,877.64,137558.11
2016/5/31,1212.1,1088.79,832.77,134427.93
2016/6/30,1320.75,1188.85,987.99,135495.74
2016/7/29,1342,1200.09,1010.77,137534.85
2016/8/31,1309.25,1175.53,999.66,135422.27
2016/9/30,1322.5,1176.81,1018.09,133922.96
2016/10/31,1272,1160.37,1041.85,133668.11
2016/11/30,1178.1,1110.58,942.93,134238.58
2016/12/30,1145.9,1086.42,927.37,133652.03
2017/1/31,1212.8,1122.24,963.99,136530.93
2017/2/28,1255.6,1181.63,1009,140482.78
2017/3/31,1244.85,1163.9,995.52,138713.61
2017/4/28,1266.45,1163,978.9,141171.16
2017/5/31,1266.2,1126.01,980.83,140022.71
2017/6/30,1242.25,1089.17,956.35,139579.19
2017/7/31,1267.55,1075.11,961.47,140057.91
2017/8/31,1311.75,1103.33,1018.01,144371.2
2017/9/29,1283.1,1085.35,956.36,144432.12
2017/10/31,1270.15,1090.3,956.47,144327.12
2017/11/30,1280.2,1073.68,945.74,143260.77
2017/12/29,1291,1075.12,954.35,145431.14
2018/1/31,1345.05,1079.71,945.85,146818.91
2018/2/28,1317.85,1080.52,956.45,140621.15
2018/3/30,1323.85,1076.43,943.72,140791.42
2018/4/30,1313.2,1086.91,953.43,143696.89
2018/5/31,1305.35,1118.26,980.99,141819.72
2018/6/29,1250.45,1071,947.13,138506.09
2018/7/31,1220.95,1043.5,930.78,136673.12
2018/8/31,1202.45,1033.48,925.14,133333.66
2018/9/28,1187.25,1022.17,910.43,134853.78
2018/10/31,1214.95,1072.28,950.85,137113.17
2018/11/30,1217.55,1075.34,954.27,138252.77
2018/12/31,1279,1118.84,1004.24,140325.48
2019/1/31,1323.25,1153.21,1005.93,144009.28
2019/2/28,1319.15,1158.47,991.77,146847.76
2019/3/29,1295.4,1153.67,994.13,143381.34
2019/4/30,1282.3,1144.2,983.62,142816.14
2019/5/31,1295.55,1162.61,1027.89,140664.32
2019/6/28,1409,1237.27,1107.1,151805.65
2019/7/31,1427.55,1282.15,1165.87,154996.22
2019/8/30,1528.4,1387.88,1255,162231.99
2019/9/30,1485.3,1362.41,1205.31,160523.77
2019/10/31,1510.95,1354.32,1167.66,163341.24
2019/11/29,1460.15,1324.28,1128.84,159901.01
2019/12/31,1514.75,1349.44,1143.42,164615.44
2020/1/31,1584.2,1429.53,1201.79,171703.5
2020/2/28,1609.85,1465.57,1260.35,173646.49
2020/3/31,1608.95,1466.35,1297.59,173694.19
2020/4/30,1702.75,1554.6,1349.94,182083.57
2020/5/29,1728.7,1554.1,1398.28,186241.49
2020/6/30,1768.1,1574.23,1430.96,190751.47
2020/7/31,1964.9,1661.65,1497.07,207748.86
2020/8/31,1957.35,1636.65,1461.85,207567.19