,date,open,high,low,close,volume
0,2018-01-02,1053.02,1075.98,1053.02,1073.21,1588268
1,2018-01-03,1073.93,1096.1,1073.43,1091.52,1565945
2,2018-01-04,1097.09,1104.08,1094.26,1095.76,1302569
3,2018-01-05,1103.45,1113.58,1101.8,1110.29,1512526
4,2018-01-08,1111.0,1119.16,1110.0,1114.21,1232221
5,2018-01-09,1118.44,1118.44,1108.2,1112.79,1340381
6,2018-01-10,1107.0,1112.78,1103.98,1110.14,1036655
7,2018-01-11,1112.31,1114.85,1106.48,1112.05,1121216
8,2018-01-12,1110.1,1131.3,1108.01,1130.65,1929306
9,2018-01-16,1140.31,1148.88,1126.66,1130.7,1823100
10,2018-01-17,1136.36,1139.32,1123.49,1139.1,1391510
11,2018-01-18,1139.35,1140.59,1124.46,1135.97,1374873
12,2018-01-19,1138.03,1143.78,1132.5,1143.5,1527554
13,2018-01-22,1143.82,1166.88,1141.82,1164.16,1477520
14,2018-01-23,1170.62,1178.51,1167.25,1176.17,1956865
15,2018-01-24,1184.98,1187.05,1167.4,1171.29,1856429
16,2018-01-25,1180.71,1185.0,1171.84,1182.14,1499247
17,2018-01-26,1187.53,1187.56,1168.03,1187.56,2108502
18,2018-01-29,1188.0,1198.0,1184.06,1186.48,1574708
19,2018-01-30,1177.72,1187.93,1174.51,1177.37,1866883
20,2018-01-31,1183.81,1186.32,1172.1,1182.22,1801135
21,2018-02-01,1175.99,1187.45,1169.36,1181.59,3675709
22,2018-02-02,1127.42,1131.3,1111.17,1119.2,5892122
23,2018-02-05,1100.61,1114.99,1056.74,1062.39,4177469
24,2018-02-06,1033.98,1087.38,1030.01,1084.43,3831524
25,2018-02-07,1084.97,1086.53,1054.62,1055.41,2597094
26,2018-02-08,1059.87,1063.93,1004.7,1007.71,3339601
27,2018-02-09,1025.88,1051.72,997.0,1046.27,4917970
28,2018-02-12,1056.67,1065.57,1045.49,1054.56,2812011
29,2018-02-13,1050.0,1061.22,1046.92,1054.14,1579258
30,2018-02-14,1054.32,1075.47,1049.8,1072.7,2065202
31,2018-02-15,1083.45,1094.1,1067.23,1091.36,1869763
32,2018-02-16,1093.38,1108.31,1091.55,1095.5,1997405
33,2018-02-20,1092.76,1116.29,1090.0,1103.59,1687656
34,2018-02-21,1109.1,1136.2,1107.51,1113.75,2074321
35,2018-02-22,1119.17,1125.46,1105.15,1109.9,1400536
36,2018-02-23,1118.66,1129.0,1108.44,1128.09,1264638
37,2018-02-26,1131.86,1144.2,1129.34,1143.7,1545619
38,2018-02-27,1143.7,1144.25,1116.79,1117.51,2148159
39,2018-02-28,1122.0,1127.65,1103.0,1103.92,2464619
40,2018-03-01,1109.54,1111.27,1067.29,1071.41,2766856
41,2018-03-02,1057.98,1086.89,1050.11,1084.14,2508145
42,2018-03-05,1078.13,1101.18,1072.27,1094.76,1432369
43,2018-03-06,1102.1,1105.63,1094.5,1100.9,1169068
44,2018-03-07,1092.82,1116.2,1089.91,1115.04,1537429
45,2018-03-08,1117.2,1131.44,1117.2,1129.38,1693133
46,2018-03-09,1139.5,1161.0,1134.29,1160.84,2133087
47,2018-03-12,1165.05,1178.16,1159.2,1165.93,2215304
48,2018-03-13,1171.83,1178.0,1134.57,1139.91,2156999
49,2018-03-14,1145.8,1159.76,1142.35,1148.89,2093482
50,2018-03-15,1149.57,1162.5,1135.66,1150.61,1669094
51,2018-03-16,1155.35,1156.81,1131.36,1134.42,2932759
52,2018-03-19,1117.76,1119.37,1088.92,1100.07,3182796
53,2018-03-20,1098.4,1105.55,1082.42,1095.8,2729857
54,2018-03-21,1092.57,1108.7,1087.21,1094.0,2244865
55,2018-03-22,1080.01,1083.92,1049.64,1053.15,3465608
56,2018-03-23,1051.37,1066.78,1024.87,1026.55,2493971
57,2018-03-26,1050.6,1059.27,1010.58,1054.09,3299151
58,2018-03-27,1063.9,1064.54,997.62,1006.94,3040809
59,2018-03-28,1001.91,1024.99,984.0,1005.18,3884943
60,2018-03-29,1011.21,1048.05,1004.04,1037.14,3466876
61,2018-04-02,1027.62,1039.53,994.25,1012.63,3253387
62,2018-04-03,1016.15,1025.0,997.25,1018.68,2566146
63,2018-04-04,998.23,1032.74,996.51,1029.71,2536198
64,2018-04-05,1046.39,1046.71,1024.0,1032.64,1791761
65,2018-04-06,1023.1,1036.0,1006.25,1009.95,2006683
66,2018-04-09,1020.04,1044.59,1019.2,1020.09,1661012
67,2018-04-10,1030.26,1041.21,1015.41,1036.5,1836678
68,2018-04-11,1032.0,1035.87,1019.2,1025.06,1703015
69,2018-04-12,1031.47,1044.65,1026.05,1037.29,1644794
70,2018-04-13,1046.89,1052.98,1030.15,1036.04,1270461
71,2018-04-16,1045.55,1051.43,1033.92,1046.1,1488822
72,2018-04-17,1061.2,1085.0,1057.09,1079.36,2729197
73,2018-04-18,1079.01,1082.0,1070.52,1075.39,1556298
74,2018-04-19,1069.02,1097.51,1069.02,1089.45,1994247
75,2018-04-20,1084.27,1094.75,1072.1,1077.32,2121692
76,2018-04-23,1082.98,1088.0,1066.68,1073.81,3479496
77,2018-04-24,1059.2,1064.49,1012.86,1022.64,6411038
78,2018-04-25,1029.75,1036.07,1017.01,1022.99,2893047
79,2018-04-26,1033.22,1052.02,1020.45,1043.31,2546332
80,2018-04-27,1045.54,1051.7,1027.59,1031.45,2037263
81,2018-04-30,1034.42,1038.37,1018.3,1018.58,1724632
82,2018-05-01,1016.3,1041.73,1010.61,1040.75,1766256
83,2018-05-02,1034.0,1043.98,1023.16,1026.05,1734872
84,2018-05-03,1025.37,1030.69,1007.89,1026.3,1964066
85,2018-05-04,1019.61,1051.88,1018.05,1051.0,1844600
86,2018-05-07,1053.89,1065.0,1050.27,1059.46,1719971
87,2018-05-08,1064.62,1065.23,1051.64,1058.59,1301524
88,2018-05-09,1064.1,1094.0,1062.11,1088.95,2357979
89,2018-05-10,1095.0,1109.41,1093.88,1105.47,1820676
90,2018-05-11,1100.41,1109.01,1097.22,1103.38,1525218
91,2018-05-14,1105.57,1118.15,1104.8,1106.6,1966893
92,2018-05-15,1096.9,1099.12,1078.78,1084.87,1786926
93,2018-05-16,1085.09,1094.38,1081.63,1084.09,1281406
94,2018-05-17,1081.46,1091.0,1076.42,1081.26,1286907
95,2018-05-18,1066.0,1073.73,1064.68,1069.64,1774149
96,2018-05-21,1079.0,1093.3,1078.0,1084.01,1258999
97,2018-05-22,1089.8,1091.8,1072.26,1075.31,1111299
98,2018-05-23,1070.0,1088.0,1066.96,1085.96,1186998
99,2018-05-24,1086.9,1087.12,1072.3,1085.45,1030194
100,2018-05-25,1086.55,1089.57,1082.6,1084.08,1111161
101,2018-05-29,1076.0,1081.34,1063.08,1068.07,1803805
102,2018-05-30,1073.48,1078.99,1066.55,1077.47,1434282
103,2018-05-31,1082.0,1110.0,1078.0,1100.0,3968362
104,2018-06-01,1112.87,1138.16,1112.01,1135.0,3160100
105,2018-06-04,1138.5,1157.86,1137.0,1153.04,2237701
106,2018-06-05,1154.66,1161.1,1147.46,1151.02,1648222
107,2018-06-06,1152.77,1154.71,1136.32,1146.95,1746719
108,2018-06-07,1144.58,1145.87,1126.12,1134.42,1805388
109,2018-06-08,1131.21,1138.78,1123.23,1132.71,1364226
110,2018-06-11,1132.94,1147.74,1131.4,1140.9,1239770
111,2018-06-12,1141.02,1148.75,1141.02,1148.19,1304612
112,2018-06-13,1152.28,1155.64,1143.38,1144.23,1715074
113,2018-06-14,1152.21,1165.99,1150.6,1160.11,1771120
114,2018-06-15,1159.92,1163.91,1153.69,1159.27,2221891
115,2018-06-18,1152.69,1184.13,1151.0,1183.58,1651913
116,2018-06-19,1170.11,1182.81,1161.61,1178.69,2364127
117,2018-06-20,1183.3,1201.49,1182.03,1184.07,2584260
118,2018-06-21,1185.51,1190.33,1163.48,1169.44,2248277
119,2018-06-22,1171.49,1175.0,1159.65,1169.29,1711003
120,2018-06-25,1155.0,1155.99,1119.9,1139.28,2884131
121,2018-06-26,1144.14,1146.87,1129.0,1132.62,1734414
122,2018-06-27,1136.0,1146.21,1116.7,1116.94,1726866
123,2018-06-28,1112.39,1134.0,1106.07,1126.78,1486675
124,2018-06-29,1132.31,1141.36,1127.02,1129.19,1578116
125,2018-07-02,1115.35,1142.99,1106.6,1142.11,1161040
126,2018-07-03,1149.42,1149.91,1114.43,1116.28,822394
127,2018-07-05,1124.6,1144.14,1123.12,1141.29,1429710
128,2018-07-06,1141.77,1156.2,1137.24,1155.08,1090967
129,2018-07-09,1160.0,1167.93,1157.23,1167.28,1079201
130,2018-07-10,1169.99,1173.5,1162.56,1167.14,1066704
131,2018-07-11,1155.62,1180.44,1155.37,1171.46,1662633
132,2018-07-12,1174.86,1201.99,1173.1,1201.26,2207431
133,2018-07-13,1202.8,1210.44,1195.29,1204.42,1631857
134,2018-07-16,1203.81,1208.71,1193.4,1196.51,1339237
135,2018-07-17,1182.74,1218.76,1182.0,1213.08,2008133
136,2018-07-18,1208.53,1221.59,1204.56,1212.91,1947397
137,2018-07-19,1206.65,1216.48,1197.73,1199.1,1916892
138,2018-07-20,1199.24,1210.77,1196.59,1197.88,1898376
139,2018-07-23,1195.66,1215.1,1192.01,1211.0,3272304
140,2018-07-24,1271.0,1275.0,1244.14,1258.15,5380032
141,2018-07-25,1252.62,1278.24,1249.05,1275.94,2575437
142,2018-07-26,1267.18,1287.4,1263.0,1285.5,2734302
143,2018-07-27,1289.12,1291.44,1244.49,1252.89,2418090
144,2018-07-30,1245.05,1252.89,1224.17,1230.04,2194837
145,2018-07-31,1231.71,1241.21,1216.19,1227.22,1969111
146,2018-08-01,1239.11,1245.9,1224.94,1232.99,1849740
147,2018-08-02,1218.5,1244.41,1218.06,1241.13,1735180
148,2018-08-03,1245.18,1246.52,1229.42,1238.16,1063244
149,2018-08-06,1241.61,1242.46,1230.53,1237.67,1105916
150,2018-08-07,1252.01,1266.08,1251.8,1255.84,2125256
151,2018-08-08,1256.72,1271.72,1252.12,1261.33,1718664
152,2018-08-09,1262.73,1271.96,1260.1,1264.46,1366318
153,2018-08-10,1259.18,1261.2,1247.16,1252.51,1334387
154,2018-08-13,1251.2,1265.97,1247.03,1248.64,1380882
155,2018-08-14,1252.5,1260.59,1239.54,1258.14,1403991
156,2018-08-15,1244.28,1251.98,1226.24,1232.22,1852558
157,2018-08-16,1241.99,1243.7,1219.63,1224.06,1608799
158,2018-08-17,1222.04,1226.95,1204.0,1215.85,1654629
159,2018-08-20,1220.66,1225.91,1208.7,1221.95,1111173
160,2018-08-21,1223.02,1232.76,1215.03,1217.41,1154093
161,2018-08-22,1214.22,1226.53,1213.22,1221.75,1114832
162,2018-08-23,1219.88,1235.17,1219.35,1221.16,1233347
163,2018-08-24,1226.0,1237.4,1221.42,1236.75,1222653
164,2018-08-27,1244.14,1257.87,1240.68,1256.27,1428992
165,2018-08-28,1255.9,1256.56,1242.97,1245.86,1366516
166,2018-08-29,1255.0,1267.17,1252.8,1264.65,1846615
167,2018-08-30,1263.4,1269.49,1247.21,1254.44,1505219
168,2018-08-31,1252.21,1252.55,1225.75,1231.8,2115424
169,2018-09-04,1222.52,1227.87,1206.56,1211.31,2072869
170,2018-09-05,1209.22,1214.87,1175.34,1199.1,2699394
171,2018-09-06,1198.57,1198.99,1163.61,1183.99,2342722
172,2018-09-07,1172.0,1188.55,1169.27,1177.59,1633190
173,2018-09-10,1184.2,1186.66,1170.61,1175.06,1383938
174,2018-09-11,1171.1,1190.94,1165.95,1189.99,1462688
175,2018-09-12,1182.0,1190.69,1166.16,1171.6,1785833
176,2018-09-13,1179.7,1187.86,1169.22,1182.14,2003418
177,2018-09-14,1188.0,1188.0,1173.52,1177.98,1208767
178,2018-09-17,1177.77,1181.82,1158.46,1159.83,1704790
179,2018-09-18,1162.66,1181.33,1161.43,1167.11,1615701
180,2018-09-19,1168.96,1176.27,1158.62,1174.27,1298084
181,2018-09-20,1180.67,1194.0,1176.25,1191.57,1462455
182,2018-09-21,1194.92,1196.58,1172.06,1172.12,4561119
183,2018-09-24,1159.41,1185.19,1151.5,1179.56,1557479
184,2018-09-25,1184.25,1196.86,1174.09,1193.89,1657809
185,2018-09-26,1193.69,1207.24,1185.4,1194.06,1882524
186,2018-09-27,1200.0,1216.86,1198.05,1207.36,1813652
187,2018-09-28,1204.09,1208.45,1197.83,1207.08,1780759
188,2018-10-01,1213.0,1224.2,1203.19,1208.53,1659364
189,2018-10-02,1206.67,1224.52,1199.66,1207.64,2008956
190,2018-10-03,1212.0,1214.18,1202.15,1211.53,1312686
191,2018-10-04,1205.03,1205.9,1163.85,1177.07,2328778
192,2018-10-05,1176.0,1182.0,1154.32,1167.83,1593012
193,2018-10-08,1160.0,1175.86,1135.4,1155.92,2309539
194,2018-10-09,1151.31,1161.55,1144.17,1145.17,1684728
195,2018-10-10,1136.4,1137.02,1091.51,1092.16,2949006
196,2018-10-11,1079.04,1116.06,1075.89,1090.74,3384775
197,2018-10-12,1119.64,1125.83,1095.03,1120.54,2468920
198,2018-10-15,1118.0,1121.8,1098.22,1102.44,1503956
199,2018-10-16,1113.48,1136.37,1111.75,1133.08,1918879
200,2018-10-17,1140.0,1147.0,1114.0,1127.59,1782614
201,2018-10-18,1130.0,1132.35,1086.34,1097.91,2307596
202,2018-10-19,1103.71,1120.95,1097.03,1105.18,2064289
203,2018-10-22,1112.51,1121.69,1100.0,1111.37,1355842
204,2018-10-23,1091.29,1118.0,1079.01,1114.91,1884255
205,2018-10-24,1115.0,1116.62,1055.06,1057.12,2464295
206,2018-10-25,1080.3,1117.82,1075.55,1103.59,3647814
207,2018-10-26,1048.33,1117.0,1042.23,1083.75,5321883
208,2018-10-29,1096.54,1108.83,1007.2,1034.73,4064452
209,2018-10-30,1020.01,1050.9,1013.97,1049.51,2988418
210,2018-10-31,1068.2,1108.0,1068.2,1090.58,3545821
211,2018-11-01,1091.4,1099.9,1077.82,1085.98,2006575
212,2018-11-02,1089.0,1098.0,1067.66,1071.49,2172215
213,2018-11-05,1072.53,1073.35,1034.0,1055.73,2267870
214,2018-11-06,1055.02,1079.82,1053.61,1069.57,1433013
215,2018-11-07,1083.49,1109.93,1080.59,1108.24,2169392
216,2018-11-08,1107.3,1108.22,1084.36,1094.63,1685193
217,2018-11-09,1084.02,1088.35,1064.26,1077.02,1743298
218,2018-11-12,1073.13,1074.1,1040.35,1049.36,1700091
219,2018-11-13,1054.81,1066.67,1040.4,1047.97,1287475
220,2018-11-14,1060.0,1065.79,1041.11,1054.58,1733302
221,2018-11-15,1051.46,1078.87,1041.29,1071.05,2079154
222,2018-11-16,1065.23,1072.44,1054.9,1068.27,1768308
223,2018-11-19,1063.39,1068.0,1022.87,1027.42,2284191
224,2018-11-20,1007.29,1037.35,1002.21,1030.45,2722934
225,2018-11-21,1045.31,1054.71,1039.46,1043.43,1485172
226,2018-11-23,1033.5,1043.0,1028.52,1030.1,708859
227,2018-11-26,1044.0,1057.0,1039.77,1055.94,1577941
228,2018-11-27,1051.34,1066.76,1045.5,1052.28,1652433
229,2018-11-28,1057.46,1092.86,1042.95,1091.79,2302121
230,2018-11-29,1083.53,1100.15,1082.0,1094.58,1550523
231,2018-11-30,1095.63,1109.65,1083.18,1109.65,2983340
232,2018-12-03,1132.16,1135.0,1111.73,1116.36,2876449
233,2018-12-04,1112.99,1114.24,1060.78,1062.47,2281485
234,2018-12-06,1045.0,1079.42,1042.48,1078.08,2371825
235,2018-12-07,1072.23,1085.03,1039.37,1046.58,2134111
236,2018-12-10,1042.94,1059.6,1033.0,1053.18,1682646
237,2018-12-11,1066.94,1070.4,1050.1,1061.65,1692576
238,2018-12-12,1077.08,1091.73,1071.97,1073.73,1447973
239,2018-12-13,1075.67,1088.42,1064.99,1073.54,1249403
240,2018-12-14,1060.02,1071.72,1049.37,1051.71,1817949
241,2018-12-17,1047.01,1062.38,1016.63,1025.65,2496551
242,2018-12-18,1034.0,1059.69,1030.48,1043.41,2182019
243,2018-12-19,1047.29,1075.71,1019.43,1035.46,2913237
244,2018-12-20,1026.0,1047.44,1007.86,1023.58,2683670
245,2018-12-21,1032.04,1037.67,981.19,991.25,5232490
246,2018-12-24,984.32,1012.12,977.66,984.67,1817955
247,2018-12-26,997.99,1048.45,992.65,1047.85,2315862
248,2018-12-27,1026.2,1053.34,1007.0,1052.9,2299806
249,2018-12-28,1059.5,1064.23,1042.0,1046.68,1718352
250,2018-12-31,1057.83,1062.99,1033.04,1044.96,1655504
251,2019-01-02,1027.2,1060.79,1025.28,1054.68,1593395
252,2019-01-03,1050.67,1066.26,1022.37,1025.47,2097957
253,2019-01-04,1042.56,1080.0,1036.86,1078.07,2301428
254,2019-01-07,1080.97,1082.7,1062.64,1075.92,2372667
255,2019-01-08,1086.0,1093.35,1068.35,1085.37,1770654
256,2019-01-09,1087.99,1091.64,1074.37,1081.65,1349912
257,2019-01-10,1074.94,1079.81,1064.68,1078.83,1329861
258,2019-01-11,1069.9,1073.37,1056.43,1064.47,1543238
259,2019-01-14,1053.34,1058.45,1048.55,1051.51,1424486
260,2019-01-15,1058.01,1088.27,1054.44,1086.51,1875852
261,2019-01-16,1090.0,1102.36,1088.01,1089.51,1914041
262,2019-01-17,1087.99,1100.7,1083.26,1099.12,1244801
263,2019-01-18,1108.59,1118.0,1099.28,1107.3,2244569
264,2019-01-22,1096.0,1098.97,1070.89,1078.63,1981594
265,2019-01-23,1086.86,1092.95,1067.57,1084.41,1259738
266,2019-01-24,1082.51,1088.0,1070.02,1084.0,1455948
267,2019-01-25,1094.23,1103.36,1091.8,1101.51,1163788
268,2019-01-28,1090.07,1093.37,1074.61,1079.86,1466714
269,2019-01-29,1081.04,1084.73,1066.02,1070.06,985248
270,2019-01-30,1077.36,1099.52,1076.64,1097.99,1472647
271,2019-01-31,1112.24,1127.67,1105.25,1125.89,2011572
272,2019-02-01,1122.29,1134.4,1114.25,1118.62,1655813
273,2019-02-04,1119.01,1142.34,1117.51,1141.42,3920591
274,2019-02-05,1129.63,1152.77,1123.6,1151.87,4114790
275,2019-02-06,1149.27,1154.0,1118.36,1122.89,2412820
276,2019-02-07,1111.82,1111.99,1093.59,1105.91,1914877
277,2019-02-08,1094.88,1105.1,1094.24,1102.38,1088327
278,2019-02-11,1103.75,1113.43,1100.0,1102.12,924881
279,2019-02-12,1111.01,1132.86,1111.01,1127.58,1751771
280,2019-02-13,1133.04,1142.85,1126.0,1128.63,1402087
281,2019-02-14,1125.0,1136.13,1117.09,1129.2,1055297
282,2019-02-15,1139.3,1139.3,1116.72,1119.63,1391348
283,2019-02-19,1116.64,1129.64,1116.64,1126.51,1099259
284,2019-02-20,1128.88,1130.93,1111.75,1120.59,1204533
285,2019-02-21,1118.78,1119.15,1097.98,1104.21,1663980
286,2019-02-22,1109.7,1117.25,1100.5,1116.56,1471783
287,2019-02-25,1121.93,1125.4,1114.11,1117.33,1310362
288,2019-02-26,1114.37,1126.44,1106.7,1122.01,1751261
289,2019-02-27,1114.01,1125.73,1108.56,1122.89,1104881
290,2019-02-28,1119.0,1133.99,1118.41,1126.55,1371355
291,2019-03-01,1131.0,1150.0,1131.0,1148.52,1704258
292,2019-03-04,1154.56,1165.52,1138.25,1153.42,1774467
293,2019-03-05,1156.0,1176.49,1153.02,1169.19,2004723
294,2019-03-06,1171.76,1174.74,1163.05,1164.94,1180052
295,2019-03-07,1160.5,1163.58,1141.71,1150.85,1504328
296,2019-03-08,1133.9,1153.45,1130.2,1149.97,1184732
297,2019-03-11,1152.0,1179.91,1151.57,1179.26,1501633
298,2019-03-12,1182.3,1205.71,1182.3,1197.25,2110979
299,2019-03-13,1205.93,1207.12,1197.91,1199.06,1294354
300,2019-03-14,1199.02,1204.7,1191.23,1192.53,1365072
301,2019-03-15,1198.0,1201.72,1187.01,1190.3,2593338
302,2019-03-18,1189.69,1194.95,1181.48,1188.55,1222203
303,2019-03-19,1191.72,1203.41,1189.46,1202.46,1489407
304,2019-03-20,1201.4,1229.99,1199.59,1226.43,2075442
305,2019-03-21,1220.0,1236.44,1216.58,1236.13,1407480
306,2019-03-22,1228.85,1233.63,1206.0,1207.65,1721133
307,2019-03-25,1199.56,1209.44,1190.0,1197.38,1378849
308,2019-03-26,1205.19,1207.65,1181.76,1189.84,1537606
309,2019-03-27,1191.92,1191.92,1164.23,1178.01,1471402
310,2019-03-28,1175.5,1177.25,1163.43,1172.27,1120122
311,2019-03-29,1180.18,1183.97,1166.38,1176.89,1544615
312,2019-04-01,1187.54,1200.2,1186.36,1198.98,1385595
313,2019-04-02,1200.05,1205.81,1191.24,1205.54,914413
314,2019-04-03,1212.7,1220.6,1205.08,1210.81,1109614
315,2019-04-04,1211.29,1220.55,1209.04,1219.45,1051089
316,2019-04-05,1219.3,1220.39,1210.03,1211.45,1001044
317,2019-04-08,1211.11,1213.95,1204.7,1208.28,1087588
318,2019-04-09,1201.89,1207.15,1198.38,1202.69,983840
319,2019-04-10,1205.09,1208.94,1200.66,1206.45,775456
320,2019-04-11,1208.9,1212.74,1204.54,1209.59,849947
321,2019-04-12,1215.62,1223.05,1213.29,1222.73,1215610
322,2019-04-15,1224.09,1229.3,1214.56,1226.53,1189974
323,2019-04-16,1230.0,1235.98,1225.04,1231.91,1131099
324,2019-04-17,1237.0,1245.1,1232.9,1240.14,1518286
325,2019-04-18,1245.0,1245.94,1239.41,1241.47,1237788
326,2019-04-22,1236.67,1254.34,1233.37,1253.76,954419
327,2019-04-23,1256.64,1274.43,1251.97,1270.59,1593449
328,2019-04-24,1270.59,1274.0,1259.81,1260.05,1169797
329,2019-04-25,1270.3,1272.8,1258.0,1267.34,1567161
330,2019-04-26,1273.38,1278.91,1265.0,1277.42,1361419
331,2019-04-29,1280.51,1296.97,1271.71,1296.2,3618362
332,2019-04-30,1190.63,1200.98,1183.0,1198.96,6658855
333,2019-05-01,1197.5,1199.25,1171.68,1173.32,3717018
334,2019-05-02,1172.6,1179.38,1158.33,1166.51,2254890
335,2019-05-03,1177.41,1191.4,1173.55,1189.55,2079376
336,2019-05-06,1172.0,1195.43,1171.16,1193.46,1588684
337,2019-05-07,1185.81,1194.77,1165.0,1178.86,1830238
338,2019-05-08,1177.29,1184.27,1167.63,1170.78,1276022
339,2019-05-09,1162.6,1174.07,1154.64,1167.97,1477752
340,2019-05-10,1168.84,1176.28,1146.37,1167.64,1582460
341,2019-05-13,1145.24,1151.97,1125.5,1136.59,2281686
342,2019-05-14,1142.32,1144.87,1123.53,1124.86,2019550
343,2019-05-15,1122.55,1178.3,1121.4,1170.8,2965117
344,2019-05-16,1171.84,1194.16,1168.45,1184.5,1765388
345,2019-05-17,1175.83,1186.29,1166.42,1168.78,1268050
346,2019-05-20,1153.0,1153.0,1138.14,1144.66,1530126
347,2019-05-21,1154.48,1158.0,1143.31,1154.44,1028248
348,2019-05-22,1151.25,1163.78,1151.0,1155.85,941279
349,2019-05-23,1146.07,1150.05,1133.16,1145.34,1260657
350,2019-05-24,1152.0,1154.36,1136.71,1138.61,927651
351,2019-05-28,1141.48,1156.49,1138.67,1139.56,1047554
352,2019-05-29,1132.7,1135.0,1111.95,1119.94,1811510
353,2019-05-30,1120.15,1126.8,1115.9,1121.41,904419
354,2019-05-31,1105.64,1113.4,1103.35,1106.5,1579481
355,2019-06-03,1066.93,1067.0,1027.03,1038.74,4844480
356,2019-06-04,1044.49,1058.44,1036.03,1054.49,3025564
357,2019-06-05,1055.0,1056.81,1033.0,1044.64,2349436
358,2019-06-06,1046.21,1050.0,1035.51,1047.76,1451026
359,2019-06-07,1054.28,1073.43,1051.15,1068.37,2191357
360,2019-06-10,1077.0,1094.84,1075.28,1082.76,1425464
361,2019-06-11,1096.99,1104.01,1079.57,1081.04,1675817
362,2019-06-12,1079.95,1082.52,1069.6,1079.1,1183650
363,2019-06-13,1084.71,1096.59,1082.57,1091.01,1040661
364,2019-06-14,1089.74,1094.76,1081.48,1086.3,1229304
365,2019-06-17,1089.1,1101.28,1088.0,1093.89,988491
366,2019-06-18,1111.5,1118.78,1100.79,1105.24,1726312
367,2019-06-19,1107.24,1109.43,1096.03,1104.51,1336015
368,2019-06-20,1121.7,1122.72,1107.0,1113.2,1200908
369,2019-06-21,1109.86,1126.57,1109.72,1125.37,2538872
370,2019-06-24,1120.0,1123.57,1113.31,1116.7,1211893
371,2019-06-25,1115.08,1115.7,1084.6,1087.58,1582217
372,2019-06-26,1091.0,1095.12,1073.69,1080.32,1734873
373,2019-06-27,1086.75,1088.46,1075.85,1076.63,1203914
374,2019-06-28,1077.23,1082.8,1073.8,1082.8,1683568
375,2019-07-01,1101.04,1108.59,1095.33,1100.0,1464449
376,2019-07-02,1104.83,1112.89,1099.67,1112.6,1031919
377,2019-07-03,1118.5,1127.99,1114.85,1122.99,1007718
378,2019-07-05,1119.37,1134.65,1117.5,1132.67,1489678
379,2019-07-08,1125.87,1127.21,1111.76,1116.79,1494371
380,2019-07-09,1110.32,1127.86,1107.15,1124.29,1473622
381,2019-07-10,1132.32,1142.34,1130.66,1140.91,1535546
382,2019-07-11,1146.16,1153.24,1139.53,1144.08,1300529
383,2019-07-12,1142.93,1147.5,1138.56,1145.34,1093933
384,2019-07-15,1145.34,1150.68,1140.0,1150.51,1058431
385,2019-07-16,1146.73,1158.58,1146.73,1153.46,1267641
386,2019-07-17,1150.92,1158.44,1146.62,1146.74,976894
387,2019-07-18,1142.0,1148.17,1132.86,1147.24,1273769
388,2019-07-19,1149.32,1151.58,1131.25,1131.55,1159153
389,2019-07-22,1135.47,1140.02,1125.21,1139.21,1446757
390,2019-07-23,1143.45,1148.86,1132.85,1148.05,1032438
391,2019-07-24,1132.62,1145.46,1128.51,1139.73,1359956
392,2019-07-25,1138.95,1143.59,1123.71,1135.94,2738139
393,2019-07-26,1228.0,1268.39,1228.0,1245.22,6060795
394,2019-07-29,1242.5,1248.99,1230.2,1241.84,2069127
395,2019-07-30,1227.0,1236.91,1225.32,1228.0,1430775
396,2019-07-31,1224.87,1234.91,1208.18,1218.2,1997999
397,2019-08-01,1217.63,1236.3,1207.0,1211.78,1771271
398,2019-08-02,1203.0,1209.5,1190.0,1196.32,1745450
399,2019-08-05,1172.97,1176.88,1142.75,1154.75,2391972
400,2019-08-06,1165.52,1181.4,1161.53,1171.08,1800707
401,2019-08-07,1157.8,1179.87,1150.84,1175.91,1534347
402,2019-08-08,1186.43,1206.28,1174.0,1206.19,1505848
403,2019-08-09,1199.99,1204.46,1184.89,1188.9,1020945
404,2019-08-12,1180.0,1185.61,1168.72,1174.5,1103243
405,2019-08-13,1174.35,1205.43,1172.99,1196.73,1430240
406,2019-08-14,1176.07,1182.79,1161.07,1164.25,1771501
407,2019-08-15,1168.43,1176.42,1163.0,1169.32,1430715
408,2019-08-16,1180.79,1183.84,1173.0,1179.21,1265187
409,2019-08-19,1191.83,1209.39,1190.4,1200.44,1222854
410,2019-08-20,1195.35,1198.0,1183.05,1183.53,1010566
411,2019-08-21,1195.82,1200.56,1187.92,1191.58,708272
412,2019-08-22,1193.8,1198.78,1178.91,1191.52,867915
413,2019-08-23,1185.17,1195.67,1150.0,1153.58,1813141
414,2019-08-26,1159.45,1171.86,1154.85,1171.18,1058926
415,2019-08-27,1183.0,1185.0,1164.56,1170.82,1173489
416,2019-08-28,1164.87,1178.5,1160.25,1173.75,840829
417,2019-08-29,1186.42,1199.19,1185.28,1194.24,982098
418,2019-08-30,1200.35,1200.35,1185.72,1190.53,903375
419,2019-09-03,1181.85,1189.08,1163.71,1169.55,1296116
420,2019-09-04,1179.45,1184.88,1171.53,1182.27,1065666
421,2019-09-05,1193.66,1214.0,1192.69,1212.19,1320656
422,2019-09-06,1209.14,1212.95,1203.26,1206.32,948580
423,2019-09-09,1207.08,1220.55,1193.17,1205.27,1592958
424,2019-09-10,1196.09,1210.0,1196.01,1205.7,1396077
425,2019-09-11,1203.89,1222.47,1202.28,1220.0,1176066
426,2019-09-12,1223.47,1242.42,1222.56,1234.97,1582230
427,2019-09-13,1232.11,1241.05,1227.08,1240.03,1183762
428,2019-09-16,1230.44,1239.02,1225.19,1231.63,1410880
429,2019-09-17,1231.63,1235.0,1223.35,1229.88,1047201
430,2019-09-18,1230.24,1236.24,1216.47,1232.65,892788
431,2019-09-19,1232.32,1244.34,1232.31,1238.75,847002
432,2019-09-20,1233.64,1242.8,1223.58,1229.84,1937743
433,2019-09-23,1226.57,1239.68,1223.78,1234.69,1197069
434,2019-09-24,1240.0,1247.11,1210.64,1218.33,1835712
435,2019-09-25,1216.01,1248.02,1209.2,1245.94,1355162
436,2019-09-26,1242.14,1244.67,1231.82,1242.29,1171577
437,2019-09-27,1242.83,1244.99,1215.2,1225.95,1722481
438,2019-09-30,1220.6,1227.41,1213.42,1221.14,1294609
439,2019-10-01,1222.49,1232.86,1205.55,1206.0,1282735
440,2019-10-02,1196.5,1198.76,1172.63,1177.92,1674774
441,2019-10-03,1183.34,1191.0,1163.14,1189.43,1469413
442,2019-10-04,1194.29,1212.46,1190.97,1210.96,1228686
443,2019-10-07,1207.0,1218.91,1204.36,1208.25,879020
444,2019-10-08,1198.77,1206.87,1189.48,1190.13,1032426
445,2019-10-09,1201.33,1208.46,1198.12,1202.4,813216
446,2019-10-10,1198.6,1215.62,1197.86,1209.47,668244
447,2019-10-11,1224.03,1228.75,1213.64,1215.71,1126452
448,2019-10-14,1213.89,1225.88,1211.88,1217.77,683926
449,2019-10-15,1221.5,1247.13,1220.92,1242.24,1527216
450,2019-10-16,1241.81,1254.19,1238.53,1243.0,1151028
451,2019-10-17,1251.4,1263.75,1249.87,1252.8,1063981
452,2019-10-18,1254.69,1258.11,1240.14,1244.41,1582320
453,2019-10-21,1248.7,1253.51,1239.99,1244.28,1030085
454,2019-10-22,1244.48,1248.73,1239.85,1241.2,1281821
455,2019-10-23,1240.21,1258.04,1240.21,1257.63,1176281
456,2019-10-24,1259.11,1262.9,1252.35,1259.11,1140478
457,2019-10-25,1252.0,1268.0,1249.15,1264.3,1355248
458,2019-10-28,1275.0,1299.24,1272.31,1288.98,3271411
459,2019-10-29,1276.0,1280.8,1255.61,1260.66,2632715
460,2019-10-30,1255.15,1268.02,1250.65,1260.7,1460193
461,2019-10-31,1260.0,1266.52,1249.48,1258.8,1595154
462,2019-11-01,1265.8,1273.0,1259.71,1272.25,1440607
463,2019-11-04,1276.11,1292.5,1276.11,1289.61,1531622
464,2019-11-05,1291.2,1297.24,1289.38,1291.44,1257427
465,2019-11-06,1290.09,1292.99,1282.27,1291.01,1231265
466,2019-11-07,1294.28,1322.65,1293.75,1306.94,2257005
467,2019-11-08,1301.52,1317.11,1301.52,1309.0,1521892
468,2019-11-11,1304.0,1304.9,1295.87,1298.28,861860
469,2019-11-12,1298.57,1309.35,1294.24,1297.21,1444342
470,2019-11-13,1293.18,1302.52,1292.15,1296.18,936085
471,2019-11-14,1295.0,1315.72,1293.94,1309.15,1450039
472,2019-11-15,1315.05,1333.54,1311.89,1333.54,1964955
473,2019-11-18,1332.34,1333.92,1316.16,1319.84,1399374
474,2019-11-19,1326.63,1326.63,1311.77,1312.59,1093629
475,2019-11-20,1311.36,1313.21,1289.21,1301.86,1445870
476,2019-11-21,1299.25,1311.12,1290.75,1300.14,1277338
477,2019-11-22,1303.0,1306.9,1289.36,1293.67,1388912
478,2019-11-25,1296.26,1310.41,1295.61,1305.64,1179658
479,2019-11-26,1309.91,1314.01,1304.04,1313.0,1097089
480,2019-11-27,1315.42,1317.64,1309.47,1312.13,940536
481,2019-11-29,1306.6,1309.95,1303.23,1304.09,640069
482,2019-12-02,1302.56,1305.44,1280.38,1288.86,1328889
483,2019-12-03,1278.66,1297.23,1277.05,1294.74,1480026
484,2019-12-04,1306.1,1324.27,1303.05,1318.94,1776392
485,2019-12-05,1327.0,1327.98,1314.32,1326.96,1220631
486,2019-12-06,1332.75,1342.47,1331.23,1339.39,1648729
487,2019-12-09,1338.86,1357.55,1336.07,1342.99,1556889
488,2019-12-10,1339.94,1348.0,1334.0,1342.89,880430
489,2019-12-11,1348.3,1349.89,1341.1,1344.25,1024308
490,2019-12-12,1343.21,1354.58,1338.2,1348.49,1456466
491,2019-12-13,1347.9,1351.35,1341.66,1346.87,1658684
492,2019-12-16,1355.0,1363.53,1350.61,1360.7,1406457
493,2019-12-17,1362.41,1364.33,1350.77,1354.89,1648549
494,2019-12-18,1357.0,1359.43,1350.46,1351.91,1166733
495,2019-12-19,1351.91,1357.53,1348.75,1356.44,1521082
496,2019-12-20,1363.1,1364.0,1350.73,1351.22,2513849
497,2019-12-23,1358.73,1361.85,1348.0,1350.63,996967
498,2019-12-24,1350.21,1352.01,1344.17,1344.43,673410
499,2019-12-26,1346.55,1363.2,1345.51,1362.47,1183800
500,2019-12-27,1364.0,1367.07,1353.0,1354.64,1160873
501,2019-12-30,1356.81,1357.0,1337.84,1339.71,1000592
502,2019-12-31,1335.79,1340.66,1332.13,1339.39,976061
503,2020-01-02,1348.41,1368.68,1346.49,1368.68,1364265
504,2020-01-03,1348.0,1373.75,1347.32,1361.52,1170629
505,2020-01-06,1351.63,1398.32,1351.0,1397.81,2339343
506,2020-01-07,1400.46,1403.5,1391.56,1395.11,1726456
507,2020-01-08,1394.82,1411.85,1392.63,1405.04,1766274
508,2020-01-09,1421.93,1428.68,1410.21,1419.79,1661438
509,2020-01-10,1429.47,1434.94,1419.6,1428.96,1313178
510,2020-01-13,1435.25,1441.48,1425.37,1440.03,1537317
511,2020-01-14,1440.0,1442.63,1427.77,1430.59,1305636
512,2020-01-15,1433.02,1440.78,1431.66,1439.2,1077519
513,2020-01-16,1445.45,1450.7,1440.0,1450.16,1304040
514,2020-01-17,1462.54,1480.55,1456.55,1479.52,2621175
515,2020-01-21,1479.0,1489.88,1470.21,1482.25,2446601
516,2020-01-22,1489.73,1500.58,1482.66,1484.17,1422946
517,2020-01-23,1487.55,1493.5,1480.32,1484.69,1332562
518,2020-01-24,1492.82,1494.2,1463.18,1466.17,1489280
519,2020-01-27,1431.54,1436.58,1419.5,1431.73,1706566
520,2020-01-28,1441.74,1454.8,1430.36,1450.5,1486586
521,2020-01-29,1458.46,1464.14,1445.39,1456.7,1081964
522,2020-01-30,1438.1,1455.25,1435.0,1454.25,1355472
523,2020-01-31,1467.86,1469.67,1427.06,1432.78,2191075
524,2020-02-03,1461.65,1486.3,1456.61,1482.6,3608760
