,A,B,C,D
2000-01-01,0.229566212512,0.947489736741,0.32701528402,-1.17897223092
2000-01-02,1.3270261487,1.38152811263,1.66798703287,-0.720750010073
2000-01-03,-0.823735186656,1.05818004112,2.16801849503,0.305420145815
2000-01-04,0.552686918552,-1.26150719636,2.64805056708,0.602534082651
2000-01-05,0.235865490378,-0.188814054672,3.79486281394,1.8629866789
2000-01-06,0.0829771265453,1.22370726637,6.63273014122,1.54922761999
2000-01-07,-1.00601859393,2.59365511662,6.6188600725,0.0106205911548
2000-01-08,-1.28850726374,1.14848391229,6.75137554068,0.800919951863
2000-01-09,-2.35252535479,-0.146812276723,6.53278072817,0.745331641736
2000-01-10,-2.49923266466,0.517220484334,6.72290583167,0.394381452754
2000-01-11,-2.57884667235,0.303732821392,5.75879771923,0.342576063134
2000-01-12,-3.52475348889,1.51072315641,6.94737173315,1.42859304011
2000-01-13,-2.24095545471,-0.146883072422,4.97044293525,-0.896973319639
2000-01-14,-0.226165792543,-0.984044991879,2.89252527854,-1.71581714666
2000-01-15,0.824885876187,-0.131080954918,3.37206493011,-0.416875647665
2000-01-16,0.642076450426,0.696530865666,2.94688364246,-1.34998274032
2000-01-17,2.08102990554,-0.50059144868,1.40735073316,-2.20043422094
2000-01-18,1.5639193453,0.0655106661474,2.12254679722,-1.83253724389
2000-01-19,2.32939992217,-0.893886168785,1.64865907936,-0.943635090492
2000-01-20,1.69341040906,-0.536185191881,0.947852947235,-0.484556563913
2000-01-21,1.36261694497,-1.76089661824,0.217171848378,0.132181060653
2000-01-22,0.873302680263,-1.16242504372,1.89848833151,1.70901984729
2000-01-23,0.578829074921,-1.80895183955,1.33249285247,3.29906063966
2000-01-24,-0.177618162347,-2.31307268907,3.13952030431,3.46414549868
2000-01-25,-1.55925782966,-0.782889863372,3.35813797851,4.34055273562
2000-01-26,-2.31805491583,-1.6045318028,4.00369599777,4.78793605539
2000-01-27,-3.73481325556,-0.734599309254,3.59403849242,4.13007860295
2000-01-28,-3.70771752479,-1.48228858529,3.92783034844,3.1628977067
2000-01-29,-3.40882816124,-3.34628939141,2.98420353811,4.04752911927
2000-01-30,-3.21055599995,-3.95238452646,1.0486658719,3.72890474953
2000-01-31,-2.95746125381,-4.08642576731,1.22577602836,2.24878902588
2000-02-01,-3.20983410437,-4.24094858566,0.514600600292,2.38932820211
2000-02-02,-2.99408825577,-2.77750285856,-0.563185650777,3.57378022012
2000-02-03,-3.80544301728,-3.49521109159,-0.566463733197,2.23621967533
2000-02-04,-4.52124651449,-2.65009665575,-0.769163221739,2.53612867324
2000-02-05,-3.94512180248,-3.31068487948,-1.17328368727,0.998079180629
2000-02-06,-4.5683922394,-3.72394688054,-0.427086482414,0.958236563123
2000-02-07,-3.92304696651,-3.12156789836,-0.498950555306,-0.549301936633
2000-02-08,-3.83482869466,-2.90481861837,0.0892365160138,-0.744706872818
2000-02-09,-3.0827425577,-3.14783774102,-0.78209699203,-0.109297602437
2000-02-10,-1.61640319464,-2.43252581013,-0.369478412437,-1.70561556468
2000-02-11,-1.19182234187,-2.50924947892,-0.466927570404,-1.07215610231
2000-02-12,-0.875760450309,-4.58718421209,-1.0615117839,-2.78159863992
2000-02-13,-0.857267115957,-5.38613458768,-0.588698103841,-3.31028608067
2000-02-14,-1.99255850056,-6.62290302987,-0.23915910859,-4.26095148152
2000-02-15,-1.43652376235,-7.28725249416,0.141234349031,-5.55294664121
2000-02-16,-2.71934383187,-6.87343706206,0.2349406356,-5.59690059904
2000-02-17,-3.35188808863,-7.54460663633,0.779685209443,-5.00259648187
2000-02-18,-1.46065584322,-7.85889936766,0.923940702458,-4.90309457827
2000-02-19,-1.69250613193,-9.18176258717,3.20065047629,-5.53522716798
2000-02-20,-0.530995078987,-10.1990862224,2.72740159174,-6.42433434905
2000-02-21,-1.49620227021,-11.7057470701,3.43117098957,-6.494730233
2000-02-22,-1.4407407233,-11.319273245,3.78251954431,-5.47315397122
2000-02-23,-0.352887401992,-11.6389149679,3.36372681678,-5.26574753894
2000-02-24,0.160349582933,-12.4456575355,3.62962136615,-2.96431867296
2000-02-25,-0.123932903539,-13.7506253588,4.51740954403,-2.59350750225
2000-02-26,0.0831220300113,-13.5475227402,3.61897701299,-3.84570599965
2000-02-27,-0.684654183071,-13.8238791632,1.56579184502,-4.97292660753
2000-02-28,0.691927698151,-14.087675801,-0.910153286483,-5.24120572473
2000-02-29,0.635114689264,-14.3223857425,-1.4188744255,-4.46154696297
2000-03-01,-0.233736930225,-15.0781461016,-2.70750189253,-4.53980691662
2000-03-02,1.33159422946,-15.1131193831,-4.30904893332,-3.40140451066
2000-03-03,0.143514754098,-15.4219362082,-5.19550911076,-3.63603383499
2000-03-04,0.32452453753,-16.1357384843,-4.84692495816,-5.25621133409
2000-03-05,0.328218872844,-16.04433343,-3.96593948351,-7.68871273591
2000-03-06,-0.325449587623,-17.2684009797,-4.52126004293,-8.33449443166
2000-03-07,-1.48655102927,-18.0152612347,-5.03107901406,-9.53657896723
2000-03-08,-0.679856954115,-18.2243824234,-4.98767902409,-10.4952976114
2000-03-09,-1.37436509545,-19.0654728239,-5.02271444739,-10.0429767156
2000-03-10,-3.19961107371,-18.6509165185,-4.51016764694,-8.93134774451
2000-03-11,-2.55327298341,-18.7548087571,-6.30585607159,-7.66063762246
2000-03-12,-2.05622679492,-18.4309569448,-6.25522133046,-9.23974016135
2000-03-13,-0.150026959202,-18.0120137875,-7.14525942402,-7.05707999072
2000-03-14,0.0898654144579,-16.9412233545,-6.69925724873,-7.06231777981
2000-03-15,0.648126834522,-14.6059354575,-5.7805549189,-8.38197956132
2000-03-16,0.572127371948,-14.2490105075,-3.94315427061,-7.73447851229
2000-03-17,1.55329537223,-14.9171649469,-3.83288780496,-7.16557003438
2000-03-18,1.37220224187,-15.9604183017,-3.9167163603,-7.59219599631
2000-03-19,1.57192348724,-16.6140553086,-3.10966365065,-8.40124763789
2000-03-20,2.09267787987,-15.6113450708,-3.40932474085,-7.63473003891
2000-03-21,1.69668077052,-15.0077631614,-3.0090739582,-9.12290675212
2000-03-22,4.02947081755,-14.6870165541,0.428987450989,-9.17954409766
2000-03-23,5.60686455159,-15.0231929283,0.0130076658929,-8.56241471562
2000-03-24,5.94376961413,-15.4789081372,0.365711974806,-8.77280199712
2000-03-25,6.67071248121,-17.3426896982,1.41962525673,-9.18560067854
2000-03-26,5.93538705129,-16.6155251329,0.82464720973,-7.70250226299
2000-03-27,4.79453802158,-14.9813522692,1.18097577337,-8.1877626627
2000-03-28,3.80823870905,-14.9143697955,2.23602280533,-8.37079513357
2000-03-29,3.02286737008,-16.3907678212,3.3676430671,-8.07518674565
2000-03-30,3.11853476736,-16.412710341,1.65530825848,-7.87766997535
2000-03-31,2.82779421754,-17.3775691089,1.21627251776,-8.48821533131
2000-04-01,4.03978510452,-17.6309319839,2.31680833803,-8.33175626893
2000-04-02,4.71089252478,-18.2199560482,4.50035765883,-7.6224036213
2000-04-03,6.31217192994,-20.1484898367,4.04758814737,-6.50952197913
2000-04-04,4.73273783822,-19.4084093109,2.82455019371,-6.63934437906
2000-04-05,5.70506179703,-21.378399277,4.96368275166,-6.88842401985
2000-04-06,4.77328952209,-22.2449672701,5.3485710412,-8.14664817426
2000-04-07,4.15534643564,-21.0773081773,4.08798371296,-8.78854078666
2000-04-08,4.31682323873,-21.3416742542,4.13788873093,-9.04614075135
2000-04-09,3.89595078092,-21.1272454977,3.86854795155,-9.51846260467
2000-04-10,4.16860465495,-19.8461603698,3.29294383687,-9.0981158769
2000-04-11,4.72390999405,-20.3283357822,3.03188965105,-9.76451709183
2000-04-12,4.598972966,-19.1975995057,2.09963503729,-11.8343427756
2000-04-13,6.38957351284,-19.4759905462,2.33032722084,-12.1497863138
2000-04-14,8.48423006873,-19.1027019536,4.24200629023,-12.4047873341
2000-04-15,9.17753809774,-20.1801489126,4.96251638409,-13.1392327346
2000-04-16,8.4327597214,-18.7808146699,5.33863789999,-13.0368278198
2000-04-17,10.0144241416,-16.7012671623,6.69764378706,-13.2903880846
2000-04-18,8.59653825905,-15.422635152,5.62009619089,-14.8666707629
2000-04-19,7.78893072003,-16.2122345012,5.36997849848,-15.7716880872
2000-04-20,8.41167396914,-17.8020003246,6.6709979275,-17.1085742829
2000-04-21,7.35706819302,-17.038546646,5.11215578324,-18.3420948007
2000-04-22,7.20583451544,-17.3775744289,4.84849662812,-17.1014167473
2000-04-23,8.8641106797,-16.0894905498,5.61132034974,-16.3422718402
2000-04-24,8.71277777242,-14.6016673774,6.46814935532,-17.8788913982
2000-04-25,8.25818093373,-15.9090712767,6.82965401777,-17.2063232857
2000-04-26,8.37981596599,-16.2886682345,7.66287583748,-17.5595149656
2000-04-27,7.75419068252,-17.081179368,7.52323795663,-16.4988988834
2000-04-28,7.67715547593,-18.1646626022,9.29868067406,-17.3386509339
2000-04-29,6.79820300025,-19.7060949892,8.22663023246,-18.6708203747
2000-04-30,8.14644515306,-18.635276844,8.48792192517,-16.6712051095
2000-05-01,7.08193369593,-19.512394188,8.13182373201,-16.3387905375
2000-05-02,6.88321635594,-20.640436961,7.5390334989,-14.8533899468
2000-05-03,5.05617617571,-19.3746115897,8.32696620457,-15.5548299
2000-05-04,4.59048809882,-19.0549240829,9.03621927574,-17.052532182
2000-05-05,4.29161078568,-18.6969821436,9.77545657315,-16.4508543504
2000-05-06,3.46187472618,-19.2429034825,10.5904886493,-17.3734974876
2000-05-07,2.90622517379,-19.0203290332,10.5787766421,-16.5864949882
2000-05-08,-0.375678232508,-19.591356471,8.717508319,-15.6190360038
2000-05-09,-1.49341508737,-19.6102873564,9.77449663957,-13.5292208244
2000-05-10,-1.56990504013,-19.1727738202,9.58384684314,-13.1386023886
2000-05-11,-0.367028854282,-20.9541712891,8.35860706323,-12.401788372
2000-05-12,0.423121895557,-20.2399451741,8.55510716454,-12.9229236711
2000-05-13,1.61770813911,-20.9561395757,8.41915740959,-11.8482760214
2000-05-14,3.83467757333,-21.0957758674,8.94023380572,-11.6335207223
2000-05-15,4.03837460797,-19.8402769242,9.17369655442,-13.5059882099
2000-05-16,3.45963441769,-21.670528916,8.31806643658,-13.705280432
2000-05-17,2.2366566928,-21.352502749,8.73764133318,-13.9644614793
2000-05-18,0.901211110538,-21.3750483182,9.539042523,-11.8669261699
2000-05-19,1.05147998082,-20.629554034,9.1042406255,-11.0582983458
2000-05-20,1.74681873212,-20.0388675484,9.24969127691,-10.9870682196
2000-05-21,1.4330945389,-18.6181459897,9.48338197307,-10.9123582286
2000-05-22,1.61467085471,-18.5164859572,9.40557193411,-11.9416507099
2000-05-23,2.21584324359,-19.4979730879,9.82213537469,-10.1679591876
2000-05-24,1.62855121002,-20.4375386801,9.30064109322,-9.29361532698
2000-05-25,1.64629689416,-18.1165878105,8.42581719222,-9.39462433503
2000-05-26,1.27162374112,-17.2100926166,7.66553346295,-8.56068761381
2000-05-27,1.20144591246,-16.5281040676,6.59441519725,-9.37067327756
2000-05-28,2.83956141814,-15.9049294963,6.20477357519,-8.62517968294
2000-05-29,1.54811248206,-14.1558113786,6.68404777493,-8.93571521609
2000-05-30,3.76049910406,-15.0564718914,6.7097217749,-7.99423251454
2000-05-31,5.37894419178,-13.998080636,7.81614890495,-8.43732018086
2000-06-01,4.38676520468,-14.5310068973,7.78722429661,-9.90546933094
2000-06-02,3.94877981941,-15.1243186312,8.68582844208,-9.60032854908
2000-06-03,3.16660721226,-14.4861894143,8.55317583587,-8.72565391795
2000-06-04,3.68024717396,-14.6302810257,7.44319388795,-8.66470027265
2000-06-05,4.2235141852,-15.3449844587,6.32312387981,-9.11483770181
2000-06-06,3.15823561661,-14.6163156179,6.65005918885,-8.89665681778
2000-06-07,2.89691035043,-15.5110271438,9.20247366772,-7.81889255579
2000-06-08,3.22380865252,-14.0670612832,9.47385781762,-6.97969270495
2000-06-09,2.20490839399,-14.6638613321,9.6280902826,-7.15019676168
2000-06-10,1.33460090203,-13.5159467976,11.6768342499,-6.54801612258
2000-06-11,0.668083626941,-13.0099599432,14.2594251687,-6.16043417648
2000-06-12,0.0624667709709,-12.0490871047,14.8116598763,-5.41296854505
2000-06-13,1.04563100014,-11.5425262006,13.8870282815,-4.6410544482
2000-06-14,2.02578860831,-10.5091229715,14.6244596781,-4.09891665836
2000-06-15,-0.689027807791,-9.10607815506,16.0626526824,-5.1900597055
2000-06-16,-1.16535325678,-8.53307492199,14.9117082183,-6.04237400419
2000-06-17,-0.0704375827085,-10.344560197,14.8683467078,-7.64852265634
2000-06-18,0.701512836096,-8.849919559,14.146803294,-7.75852222162
2000-06-19,1.93752876505,-8.24997734005,14.0637367609,-6.90157099029
2000-06-20,3.41178195713,-8.9064854703,15.4781732577,-7.10386543819
2000-06-21,4.68393264665,-8.89212219896,15.8935405064,-8.78643602257
2000-06-22,4.8175628583,-11.1605061665,14.4168823871,-8.41251233601
2000-06-23,5.41409155897,-9.02648859046,15.5209978675,-9.42927750729
2000-06-24,5.57962575832,-8.7939374629,15.0688836026,-10.3437956671
2000-06-25,4.65009686841,-9.17271769292,16.1646104587,-11.9618205677
2000-06-26,4.61594108882,-9.28196042019,16.3471480408,-12.963584746
2000-06-27,4.78019291125,-9.39326295892,16.0781748283,-12.9856570047
2000-06-28,5.0671425357,-8.86600802494,14.0377632273,-13.0600382726
2000-06-29,6.23753374068,-9.51589378476,13.1877415798,-13.4045057708
2000-06-30,7.13934900535,-8.53591202444,13.7688512946,-14.9009323896
2000-07-01,8.43130562705,-8.6813984542,14.2925709194,-11.8019627675
2000-07-02,8.40813213406,-8.15900630993,15.5276502087,-13.242430127
2000-07-03,6.82234045788,-8.13850303595,15.5014641659,-15.0723721272
2000-07-04,6.49117695421,-7.63374936206,17.6679886277,-14.2082153082
2000-07-05,5.96564260256,-7.63934746284,17.4870387135,-14.3592609566
2000-07-06,5.69201103293,-7.26838880101,16.4413804866,-15.910086948
2000-07-07,7.38944745191,-6.09300628707,16.8001325983,-17.1390029467
2000-07-08,6.38819219257,-4.2186450041,16.6564690735,-16.4978816799
2000-07-09,7.41518941357,-3.79460379073,16.4037493311,-16.382514688
2000-07-10,6.08536696037,-4.77703260655,17.3622785974,-15.9729156693
2000-07-11,3.75328728984,-4.71783192466,17.3397693651,-18.2474859859
2000-07-12,3.74011945569,-6.37063944528,18.8091577524,-18.1719294386
2000-07-13,4.68839395824,-6.86089555176,19.3411332009,-18.3032594571
2000-07-14,6.98463226043,-7.02520552887,19.5984373356,-17.029675892
2000-07-15,7.33560956494,-7.66465855198,19.4838081339,-18.3201664268
2000-07-16,5.7248417845,-8.10104852482,17.9791977241,-19.1806942893
2000-07-17,5.22461781042,-9.99730228392,16.7309151911,-20.4542451107
2000-07-18,7.14228222765,-10.682653931,17.5790180522,-19.8855984491
2000-07-19,5.61740366426,-9.85295187422,17.2508763417,-18.2109778896
2000-07-20,7.4099294628,-11.6038180023,18.6470206425,-17.1120882763
2000-07-21,6.71792650215,-11.598318476,17.682818637,-15.9148494011
2000-07-22,7.08444008007,-11.1395257455,17.505684695,-15.7879846924
2000-07-23,5.04068271207,-11.5701874191,15.6620394792,-14.3856040936
2000-07-24,4.3720331094,-11.8276355194,15.4678298407,-13.2922770153
2000-07-25,3.76202395332,-11.0012135392,15.8672240314,-14.0212665779
2000-07-26,1.86348603716,-10.709125301,14.741518091,-12.9235360129
2000-07-27,0.499105683667,-10.1015940707,16.7251545298,-10.3023366082
2000-07-28,-0.077170643455,-10.7111445895,15.9321016529,-12.8808605696
2000-07-29,-0.385859132239,-11.403228125,17.3940293194,-12.8086322505
2000-07-30,1.22987040023,-10.2367073305,17.2264221379,-12.0978361462
2000-07-31,0.558424668307,-13.2277680252,17.9080940717,-13.1606451364
2000-08-01,0.702679435723,-12.7076943334,18.7280875495,-14.8067448911
2000-08-02,1.76014102094,-11.2526581382,18.8461095389,-14.854042735
2000-08-03,2.57638359739,-12.3829536982,20.6631615987,-14.8842711541
2000-08-04,1.18957683788,-10.5855049845,21.7882632775,-14.7154040631
2000-08-05,0.865205796437,-9.4879534529,20.9233868262,-16.8237066295
2000-08-06,0.165935818566,-10.9143751811,22.5850781687,-16.4263595692
2000-08-07,-0.173852150935,-7.93082850725,22.0878347014,-15.3296195524
2000-08-08,-0.602623158884,-7.37434581134,21.6490623116,-14.8035273508
2000-08-09,-1.90659935172,-7.86665062088,20.8406814179,-16.1561688343
2000-08-10,-3.55166126008,-6.74177551653,18.7602634307,-15.8596188731
2000-08-11,-3.45242365654,-8.54043018414,21.4368184028,-15.5059103969
2000-08-12,-2.45954747183,-9.33247468458,21.0607893712,-16.9382740826
2000-08-13,-3.17838544633,-8.61215467652,22.2291334887,-17.6944949031
2000-08-14,-3.88178698081,-8.62049636946,23.3308341732,-18.5081118157
2000-08-15,-1.50134633663,-8.76924257345,24.0851334521,-17.8595862432
2000-08-16,-1.64041253409,-8.0261727171,23.29096714,-18.0739595108
2000-08-17,-0.849654702063,-8.00300956653,22.9181142479,-17.34698992
2000-08-18,-2.74927918807,-6.80060858236,23.4018272589,-16.6623040795
2000-08-19,-3.09263605593,-6.33875433421,22.799684713,-16.8544877647
2000-08-20,-4.30114130352,-7.20292634099,22.6674387023,-17.1889974382
2000-08-21,-4.51738146195,-7.71641462917,22.0744774134,-18.0926007592
2000-08-22,-4.07387928856,-6.74151420903,23.4000669923,-19.2888741
2000-08-23,-4.9030383617,-6.36739919073,25.1022999525,-20.0092086938
2000-08-24,-4.65037238709,-5.68157867719,25.003365746,-19.2273491981
2000-08-25,-4.97684672724,-5.48232917702,24.1250311923,-17.1659377608
2000-08-26,-3.87310899283,-6.61568307051,24.2259974115,-18.2008375629
2000-08-27,-2.86057268905,-6.75723628917,22.9932567401,-19.8861255607
2000-08-28,-3.16979975679,-7.75584557859,22.249073003,-20.1406185776
2000-08-29,-4.14478865762,-7.35400740771,22.7318228646,-19.4819885642
2000-08-30,-2.68913045227,-8.38934495611,19.993830326,-20.5386253836
2000-08-31,-2.84184472348,-6.73255362203,20.9147293615,-20.5931693335
2000-09-01,-3.11402352061,-8.38903034719,20.9532462678,-18.3661558994
2000-09-02,-4.41887029482,-7.52199008432,21.3634328817,-18.5335568995
2000-09-03,-5.04279213355,-7.69373422079,18.9890323969,-17.2192004245
2000-09-04,-3.45429651541,-5.83789767167,20.9409979689,-17.0958024761
2000-09-05,-3.921122545,-5.8572617386,20.3780788779,-15.277797745
2000-09-06,-3.25601303827,-7.52979537457,20.2086109154,-14.1143332747
2000-09-07,-3.34004995882,-7.00406848152,22.2312401933,-15.4774135367
2000-09-08,-5.22201196602,-6.52658883682,23.2331116057,-14.8784252516
2000-09-09,-7.46663335146,-7.77506234144,23.1388914395,-16.2861092624
2000-09-10,-7.60907945932,-7.45856482048,23.5143110024,-16.1539253731
2000-09-11,-6.815808259,-8.6222857277,23.9300779219,-16.8427625169
2000-09-12,-6.60937844281,-8.0528654387,24.1226715991,-18.5089291921
2000-09-13,-5.95946871806,-7.51461676801,23.8421631808,-17.5101368012
2000-09-14,-3.07921259726,-8.6208099529,23.5338656753,-17.4807845275
2000-09-15,-4.58504822876,-9.27282231099,22.0112227303,-18.8092236654
2000-09-16,-6.80276777301,-9.52635976539,20.4962593711,-18.3123105305
2000-09-17,-6.82460251767,-11.0056663953,21.1388968978,-17.3338811408
2000-09-18,-7.5223819927,-8.2944721749,21.0193820742,-16.8763089162
2000-09-19,-7.804761128,-6.53332940236,19.0094355514,-15.5966382487
2000-09-20,-8.35201768259,-6.70793646839,17.5564886278,-15.9669225158
2000-09-21,-8.68482568617,-5.44497560247,18.2860400161,-15.205808353
2000-09-22,-9.87233987439,-4.53829296842,18.1855858151,-14.9422584751
2000-09-23,-8.9130102398,-5.47397106663,17.5175326118,-15.7030939428
2000-09-24,-8.44453853054,-6.46823815506,16.9720777926,-14.9720471657
2000-09-25,-7.59966193063,-6.44988018798,15.8352513404,-15.3758579755
2000-09-26,-7.56886687156,-5.82318848524,15.999372437,-14.6505405684
2000-09-27,-7.08839263442,-3.86683743098,17.031916257,-16.3221991264
2000-09-28,-5.76919129144,-4.01603719002,17.2837779384,-18.1964605832
2000-09-29,-6.15304513596,-3.79315255456,17.3276799583,-19.8448365135
2000-09-30,-5.80030837128,-2.76773734848,17.2380706328,-18.1933412106
2000-10-01,-3.87826253892,-2.48331978001,17.2624073562,-18.6069316135
2000-10-02,-2.59366477586,-1.78773086979,18.1522434291,-18.3935800083
2000-10-03,-3.30314908414,-0.652338722989,17.9193158755,-20.6574137145
2000-10-04,-4.58567300508,-0.334068223831,18.1893134214,-20.1715742634
2000-10-05,-4.2490449787,-1.24810435254,17.3259123351,-19.6914417183
2000-10-06,-2.49014316992,-0.11970654514,16.8122115238,-19.2129753456
2000-10-07,-1.82042824945,-0.00136734002761,17.3376846229,-18.5729712408
2000-10-08,-0.614065521279,-0.291163728919,18.1367835615,-19.4059040218
2000-10-09,0.215608371257,0.189796544731,18.7581580689,-19.2772237176
2000-10-10,0.664217579349,1.78052811573,17.9659782192,-18.513378882
2000-10-11,2.01196751116,1.78489619508,18.490209521,-17.7804915401
2000-10-12,1.86568672442,0.358917299702,18.5881733952,-18.2323833045
2000-10-13,2.29196550894,-0.595827758142,17.7714488038,-18.2160231349
2000-10-14,2.48094742602,-1.3093313213,18.4167479516,-18.4047126039
2000-10-15,1.2329499071,-3.49203508031,19.7091189334,-20.240524067
2000-10-16,2.18037755403,-3.41629547899,23.1347075403,-19.3302628605
2000-10-17,2.32017700579,-1.78758098992,21.7372656193,-19.027581728
2000-10-18,1.04871240319,-2.28293314971,20.4378976837,-18.1226659609
2000-10-19,1.20081741503,-0.995806273988,19.0169702666,-18.0172930796
2000-10-20,1.19459442101,-2.33709251887,19.7969095569,-19.3147530844
2000-10-21,0.251623410264,-2.10714954785,18.9973279601,-19.1182450065
2000-10-22,-1.4538061969,-3.16510775782,21.2319464106,-19.0011234729
2000-10-23,-1.35961870238,-2.99473435569,21.8993973842,-17.910370988
2000-10-24,-0.0978852548127,-2.92801152105,21.7107535028,-16.4812564608
2000-10-25,-2.21060620378,-2.8855469497,21.3507797649,-14.4904245469
2000-10-26,-3.79977436338,-2.28590020473,21.7825901774,-15.0998224475
2000-10-27,-2.70269543171,-3.72705243979,21.4445343428,-14.7996530195
2000-10-28,-2.10391829441,-3.87534621784,20.8267504674,-15.0544867028
2000-10-29,-1.14073713155,-6.53570880823,20.2512391134,-14.8781398425
2000-10-30,0.48523155641,-6.56191175928,18.9761553394,-16.3047141139
2000-10-31,0.361967072203,-5.61850864372,18.6088192636,-17.162592637
2000-11-01,0.891359201914,-7.72312278772,19.0859255093,-17.9736419677
2000-11-02,-0.389960789846,-8.64826295275,18.2076406617,-18.6287535027
2000-11-03,0.181090971924,-9.35153561328,16.3684256973,-18.4185245686
2000-11-04,2.40722270648,-10.7611214938,16.658289044,-18.3860946979
2000-11-05,2.11967865058,-10.0924822839,17.6802825982,-18.1480920743
2000-11-06,2.25288727102,-9.49309548809,16.4163869417,-18.3858156243
2000-11-07,1.86002920548,-8.98190425899,16.2316362366,-18.2913919209
2000-11-08,2.56421411749,-8.009281538,15.3760938967,-19.3560820196
2000-11-09,0.557361216639,-8.10512632117,17.231757513,-18.1575607208
2000-11-10,1.7341040841,-6.26907175657,19.8221494103,-17.7171247689
2000-11-11,2.63259380653,-6.37384462409,18.8592468164,-18.9371850118
2000-11-12,0.986023730441,-6.40787762149,18.8128447919,-17.8473012988
2000-11-13,2.26077787409,-4.58358723732,19.5359042446,-17.9544076949
2000-11-14,2.91459286006,-4.81188304596,20.0269571829,-17.7034293343
2000-11-15,1.85195346227,-5.01964610798,20.2102026956,-18.5829409772
2000-11-16,0.941877675671,-6.95265713723,19.5774905171,-18.2840999606
2000-11-17,2.35825379126,-7.28298829341,19.4017378973,-19.0934611929
2000-11-18,1.02777499752,-7.52541487107,21.2822021805,-17.5800664484
2000-11-19,2.59654209397,-7.27569527568,20.8489591545,-19.7165183293
2000-11-20,2.26699654134,-7.1980210515,19.5349350112,-20.8764458376
2000-11-21,2.04394351546,-6.40111998991,19.6714721794,-19.4402284251
2000-11-22,0.488672146464,-6.62477522119,19.9604344363,-18.1344314765
2000-11-23,-0.287073974315,-7.20318109195,19.5620171529,-19.1601922918
2000-11-24,-1.51316930479,-6.10448924124,20.9256881665,-20.1028962983
2000-11-25,-2.45243674832,-5.84986318599,20.3437794862,-21.7855869963
2000-11-26,-3.28919062913,-5.9178110228,20.3106304812,-21.0739779956
2000-11-27,-2.19472971312,-6.33796992104,20.1920422276,-20.2833685947
2000-11-28,-2.26402051269,-7.12298486447,22.4206457631,-20.4894674361
2000-11-29,-2.09928043707,-6.51899075594,22.1923572098,-20.1543129502
2000-11-30,-3.35900216539,-6.1423558966,23.259599931,-17.6788701628
2000-12-01,-2.23018260436,-5.35786871994,22.8940971552,-16.9256179506
2000-12-02,-1.77682598788,-5.16161578225,23.5905852023,-17.3835442955
2000-12-03,-0.877953763011,-5.42342331346,23.6973796986,-18.0074656487
2000-12-04,0.124873294388,-5.07425371497,23.7861143855,-18.5810371905
2000-12-05,-1.9833759517,-5.41272062242,24.3629182535,-16.575739347
2000-12-06,-2.35925119998,-5.30958917714,24.4967954073,-15.8386900592
2000-12-07,-1.95020364065,-3.82340295356,24.2994859784,-16.8259998851
2000-12-08,-1.46527390876,-3.85819908528,25.2157573873,-17.7301450321
2000-12-09,-0.212900251125,-3.27455292908,24.509194922,-17.535041945
2000-12-10,-1.17698610594,-4.50401207284,25.3296995856,-15.3566224745
2000-12-11,-3.49677317766,-3.67551213142,25.7506190815,-15.8243304291
2000-12-12,-2.69103589048,-4.88269762827,24.8266168943,-16.013545448
2000-12-13,-3.86163259654,-3.82554956841,24.8962396333,-15.539014171
2000-12-14,-4.66146006103,-4.44983026108,25.7403469562,-16.0579299338
2000-12-15,-4.65831808977,-4.64544195379,27.0625579809,-16.0062716215
2000-12-16,-4.69640187298,-4.41202005372,28.3623293359,-16.797850491
2000-12-17,-5.90254656633,-4.34888229064,30.0031026666,-16.5319350107
2000-12-18,-4.75645131277,-3.80242095339,28.5489453818,-15.5645995994
2000-12-19,-5.52061782488,-2.48701574545,27.7964575828,-15.5761758706
2000-12-20,-4.92555956607,-2.15961155028,28.4755928028,-14.7458320949
2000-12-21,-4.77700322206,-2.17230171996,26.5572149869,-15.1030538458
2000-12-22,-4.57832730694,-1.82977629394,26.8747375626,-13.6824647658
2000-12-23,-6.3395700642,-1.99578812964,26.3256016386,-12.7737745064
2000-12-24,-7.14468992301,-0.853792455976,28.1480732816,-12.8476936219
2000-12-25,-6.19215080994,-1.23602308085,27.6757931118,-12.7137560716
2000-12-26,-6.33127025772,-0.575152762079,28.0080974367,-10.7642282927
2000-12-27,-6.32372863259,-0.941200592925,26.993552462,-10.4152529542
2000-12-28,-5.30305070013,-0.253437033221,26.8961983426,-11.5568626621
2000-12-29,-3.16612755388,-0.350509302341,26.2444474281,-13.8325486852
2000-12-30,-4.5230005262,2.28149931941,27.6117666126,-14.4498340435
2000-12-31,-5.15487725519,1.55528024385,27.5082853646,-13.2609142828
2001-01-01,-4.91658157151,0.676978011757,27.8753974242,-10.5346953521
2001-01-02,-5.77639496384,1.82700580969,27.9607882035,-9.77509291811
2001-01-03,-2.39597355004,1.18093106163,28.6174094066,-9.75594751457
2001-01-04,-2.29074424439,0.689528381173,27.4877974912,-9.44590759084
2001-01-05,-4.87942197628,1.29250608438,25.8282355049,-9.79742759593
2001-01-06,-6.45379058024,-0.1344060359,25.1643074858,-9.29445384734
2001-01-07,-6.98020290015,-0.415016393617,24.3891133295,-8.92131188858
2001-01-08,-5.70792686643,-0.334713522062,24.4355098746,-9.78474417248
2001-01-09,-4.52677179247,1.19577129195,23.3874519323,-8.79584580518
2001-01-10,-3.47199762508,2.73917843429,23.9333611871,-9.47308003707
2001-01-11,-5.69742093417,1.3053121135,23.72785392,-9.95559381673
2001-01-12,-5.80793079495,-0.373725082535,22.9346807109,-10.2627181005
2001-01-13,-6.40484429088,0.189792033884,22.6319701765,-11.1505404479
2001-01-14,-6.97719914198,1.03085752096,23.3613834999,-14.1251972741
2001-01-15,-5.94955957472,0.167579904309,23.1537983608,-13.6947882784
2001-01-16,-2.65656281149,-1.04918740086,25.4376237495,-12.1081000368
2001-01-17,-3.33225230681,-1.72256450911,25.7964779635,-11.6371754658
2001-01-18,-4.53228931732,-1.56249909058,25.003000852,-10.6331567493
2001-01-19,-6.79591480543,-1.55536398631,24.2596602304,-10.3595942855
2001-01-20,-7.27467376757,-1.61574710362,24.865505901,-8.30471486795
2001-01-21,-6.35730602706,-2.46042305789,26.0618021443,-9.18178959077
2001-01-22,-6.15292619104,-2.18858251985,26.4077760709,-9.04719822658
2001-01-23,-6.38953832583,-2.99384896594,24.2502482099,-8.48503584137
2001-01-24,-6.88033976017,-3.00720681411,23.634040764,-8.05483935269
2001-01-25,-5.63458583872,-2.78150057817,22.3303452639,-6.61735111179
2001-01-26,-5.81134583175,-2.59715993764,22.7147407598,-6.33363483682
2001-01-27,-4.16721973698,-2.39502407911,22.9213686218,-8.41050781182
2001-01-28,-2.42812270785,-1.57410885982,22.2526903727,-7.12808020313
2001-01-29,-2.22173892467,-0.875756361333,19.8316069546,-8.76899389146
2001-01-30,-2.91964137671,-0.538402953269,20.2803549025,-7.30185893237
2001-01-31,-4.41936736866,-1.88754675567,21.4365796951,-7.58362915104
2001-02-01,-4.78916169066,-2.21280934679,21.938518283,-5.89147790554
2001-02-02,-5.39309825313,-1.75023912745,22.3928767458,-5.23092351445
2001-02-03,-6.64537054369,-2.00424117042,21.8793011269,-6.80060379341
2001-02-04,-6.43974427508,-2.72833413432,22.7650157521,-5.62752981454
2001-02-05,-7.82322375084,-2.08940614418,23.5567491743,-4.24164998201
2001-02-06,-6.44635158291,-3.14260481888,23.8023165166,-4.55114231008
2001-02-07,-6.69751859116,-2.96514302355,23.2403515505,-4.24695576641
2001-02-08,-6.84739738517,-2.65589711503,24.2415755016,-5.25167792359
2001-02-09,-5.31022988096,-1.97211009308,24.1920867386,-6.71815878119
2001-02-10,-4.85316262918,-3.37430252819,24.1385751389,-5.86742346833
2001-02-11,-6.1095908007,-3.35753434406,24.7318845073,-6.2786691292
2001-02-12,-5.98555075802,-3.49317922437,25.2584436573,-6.51779829806
2001-02-13,-6.49355568508,-3.57505194558,24.3010277279,-4.48323582255
2001-02-14,-7.67329735887,-3.89345425405,23.422928146,-5.24256172817
2001-02-15,-7.6501857729,-5.86835381021,24.7714264508,-5.96733515352
2001-02-16,-10.5955977289,-4.48087941403,26.1254821628,-5.76856010111
2001-02-17,-9.39256111062,-5.16988853789,25.0842305074,-6.19456334697
2001-02-18,-10.1072640039,-3.39477768792,25.1206462558,-6.52102048206
2001-02-19,-10.6001080921,-2.15167452357,23.7591796373,-6.28142565242
2001-02-20,-9.95399183974,-2.06266303501,24.5163466286,-7.1798012806
2001-02-21,-9.87196020223,-2.41266483916,23.5534067098,-6.07983845648
2001-02-22,-10.5921920238,-3.89077608835,24.5373803818,-7.68593087452
2001-02-23,-10.9135206707,-4.0184795934,24.4768480956,-8.06461498811
2001-02-24,-10.2732470147,-4.58011175838,24.0960010681,-8.30222110881
2001-02-25,-11.4957985837,-5.14204210772,25.0038030202,-8.71355258416
2001-02-26,-11.5914988025,-2.94142798955,25.2445865917,-10.1629784521
2001-02-27,-10.4970249371,-2.39660744943,24.7217223914,-11.6510001549
2001-02-28,-10.5784609112,-1.20444412172,25.5735915212,-10.9048177982
2001-03-01,-12.3737257209,-1.01410795791,26.6374957814,-10.5030829673
2001-03-02,-12.2302831557,-0.45296131457,26.5566647305,-11.2021164888
2001-03-03,-13.3667947555,1.95560022241,25.2821802478,-12.0093551179
2001-03-04,-13.8520092475,2.41115347789,26.2143641878,-11.5994505913
2001-03-05,-12.8543170528,3.8429486239,26.2943243146,-10.0259053045
2001-03-06,-12.6569861001,3.25936805652,28.0538152401,-7.42737260736
2001-03-07,-12.804608463,3.59976220514,28.7078564731,-6.32507435924
2001-03-08,-13.5286176155,1.401479498,29.2206107996,-5.69884823812
2001-03-09,-15.5635960371,0.11187743249,29.3930081353,-6.60691126113
2001-03-10,-15.5332535962,0.938055258357,28.454855163,-6.37794368802
2001-03-11,-15.2961669071,1.10841953729,26.7894783317,-4.30511922253
2001-03-12,-15.687544075,0.794271779915,26.3572541872,-4.77999278558
2001-03-13,-14.2052982787,2.86667345486,25.136843206,-3.46947455971
2001-03-14,-13.4406042654,3.11467663545,24.7145681752,-3.20930814761
2001-03-15,-12.1112708681,4.71858976677,23.3413631638,-3.61718959566
2001-03-16,-12.8811416357,4.89095199033,21.2396805017,-3.1822380013
2001-03-17,-10.09885073,6.17438248451,20.7131087992,-3.59362180857
2001-03-18,-11.4338561149,6.20344825466,20.6040404191,-2.57288421084
2001-03-19,-11.0101132722,6.17203045762,20.6542761554,-3.68008465101
2001-03-20,-10.9560779576,6.77796299401,20.8818267829,-2.66480074989
2001-03-21,-11.0058889586,7.41706143965,20.6661888143,-2.62212631541
2001-03-22,-9.67877717416,7.94164065247,21.4945902315,-2.35344723932
2001-03-23,-10.809299168,7.90018456125,21.4559215399,-3.35793541644
2001-03-24,-9.69896761011,7.78502153175,22.0283462224,-2.87861243361
2001-03-25,-9.88703115348,8.08924621758,22.8777157011,-3.06344802116
2001-03-26,-11.0899049967,7.25896882704,22.9208142424,-3.41940793004
2001-03-27,-11.8873499779,6.36735556937,22.4201779935,-1.10073067794
2001-03-28,-11.9987556122,6.1400749021,23.2227753212,0.0193511200209
2001-03-29,-12.2817097996,5.36904323354,23.7376650157,-0.0757603745913
2001-03-30,-11.3568804699,5.43771621264,24.4848731637,-0.167860799364
2001-03-31,-11.0258382215,5.01511102268,24.86323734,-0.0510220452292
2001-04-01,-10.2993419029,4.43650076076,25.6770333126,0.957854526285
2001-04-02,-8.45779222798,5.42624159911,27.3986302083,0.927476257536
2001-04-03,-7.44882134174,5.74364147127,27.094119141,0.301055480054
2001-04-04,-5.95735710055,4.43563755456,26.7715446045,-0.12288933405
2001-04-05,-5.37514679729,3.72174544883,25.2177894295,-0.516900645445
2001-04-06,-4.75391795693,3.77670436447,24.5423649616,-0.304785323192
2001-04-07,-4.59417304535,3.8577563856,24.477109396,-0.412275454192
2001-04-08,-4.97998559476,5.05341562954,25.4534238664,-0.594897674587
2001-04-09,-4.35631035263,3.98620655324,26.4053963221,0.104787492123
2001-04-10,-5.87952385811,4.09283417842,28.4504761083,1.23465541776
2001-04-11,-7.35914300848,4.09332264554,28.3648309568,2.44029075252
2001-04-12,-8.19518938454,5.17929628157,28.651389413,2.93778536023
2001-04-13,-7.06590303771,3.25790728608,28.4141505484,4.29528926027
2001-04-14,-6.41219784978,3.16810081136,28.9973619757,5.69216192208
2001-04-15,-6.45672439577,3.14312821675,28.3869271933,6.00415475632
2001-04-16,-5.6005163476,3.57620220889,28.6290641563,5.6429430781
2001-04-17,-5.86726370535,3.02437573625,27.4879771263,6.8576084073
2001-04-18,-7.54028943873,3.24057985392,27.3660044524,7.74915900182
2001-04-19,-5.90736344207,2.97977821333,27.4762816134,7.32435511607
2001-04-20,-4.9750152627,3.26566324313,27.9670550377,6.89698845962
2001-04-21,-3.97809866634,2.50057838832,27.5092547935,6.28464293744
2001-04-22,-2.74209577718,1.05648033911,27.2846238332,5.37790840207
2001-04-23,-4.09367713406,1.78839231056,27.1759116176,3.40362077543
2001-04-24,-5.14238609699,1.62579199505,26.3525381853,3.05433633338
2001-04-25,-3.08977930594,3.00301022205,26.1313134842,2.53072148394
2001-04-26,-0.342343119508,4.05749017148,25.240294721,2.61144599089
2001-04-27,-0.717780966546,2.10779998954,25.6265919808,0.835983844094
2001-04-28,-0.990828118956,0.77618019901,25.9900933242,-0.533970071202
2001-04-29,-2.26708565039,3.29453925835,25.0045583347,2.46966797592
2001-04-30,-3.4394904502,2.03683577201,24.1124335845,3.17447322843
2001-05-01,-2.22100626869,0.469910502342,24.7029982818,3.93930009294
2001-05-02,-3.23469591748,0.429489168424,25.8346881593,6.23303646152
2001-05-03,-3.34619853221,0.0617214459662,24.9381718009,7.27645904456
2001-05-04,-4.58861350744,1.05386902022,24.6407556203,7.41203839444
2001-05-05,-4.99178746684,1.62289683762,24.896310762,6.57164547819
2001-05-06,-6.08411352554,0.960894516474,23.7478035597,6.83410087403
2001-05-07,-5.93785237614,1.33373469809,23.0936121125,7.04949636643
2001-05-08,-5.28832716878,3.54843114297,24.0856794678,7.26631653689
2001-05-09,-5.38745643975,3.75087766063,24.2242320243,7.09948781471
2001-05-10,-5.66745241373,2.55470508335,24.5886438075,6.73350441833
2001-05-11,-7.31857723261,3.12463424594,23.5244897268,7.58853213438
2001-05-12,-7.92211215005,1.80144875033,23.6582517146,7.16299018013
2001-05-13,-8.46356482034,2.71880386945,23.7769332076,5.95555723255
2001-05-14,-7.55545039305,2.61277721581,23.9502372105,5.16771774795
2001-05-15,-7.75637637504,2.04507007732,24.061463707,4.42490866621
2001-05-16,-8.44548104709,1.34746935147,24.9258068278,6.64401446211
2001-05-17,-7.10724136554,0.831953600276,25.3481867005,6.27153877015
2001-05-18,-7.74422414164,0.278369104715,26.2075253931,5.38527339052
2001-05-19,-7.66919864144,0.627426521103,26.9002434667,4.75317178631
2001-05-20,-8.16968585495,-0.33769066027,25.5228197518,5.88879591615
2001-05-21,-7.96450107803,-0.430802221244,24.4886529541,6.37725924915
2001-05-22,-8.5217751118,-0.621014959508,25.4577860752,6.33858588928
2001-05-23,-8.50228559087,0.165453954327,26.0672773897,5.74253144251
2001-05-24,-8.48451905273,-0.806719801008,25.9775076077,4.21946928868
2001-05-25,-9.13484252906,-1.64780285323,26.2619262608,3.64860666823
2001-05-26,-9.50841913645,0.585521478204,27.3936823432,2.03237764591
2001-05-27,-10.8422136851,0.467282625908,26.6320373489,1.82101159756
2001-05-28,-10.5872733796,1.25053817632,26.216406035,1.37185869326
2001-05-29,-9.24079949794,0.591351648861,27.6206087166,0.297640205077
2001-05-30,-8.8858597329,-0.695627527727,28.3436052072,-0.873736904441
2001-05-31,-8.42612868554,0.214621627277,28.2305219262,-1.18880953723
2001-06-01,-7.87748421799,0.550230577395,26.7510791647,-2.93537412193
2001-06-02,-7.13223645733,-1.07509490216,27.0770191711,-5.20425094793
2001-06-03,-5.07057781795,-1.86448707388,26.4141622455,-3.86031521366
2001-06-04,-5.1349826573,-2.59995655933,27.2195898991,-2.78804142796
2001-06-05,-5.79782497422,-2.21055635257,28.6904160524,-2.43233415181
2001-06-06,-6.42804256903,-3.24959618509,26.2545161107,-2.32687961089
2001-06-07,-7.58444437567,-4.23067012266,27.231411131,-4.22352900994
2001-06-08,-6.89953116638,-4.68223026819,26.713126479,-6.01525743256
2001-06-09,-8.097136496,-5.24592703594,25.5343974635,-7.76889718121
2001-06-10,-6.67568624257,-5.30569145069,24.74468181,-8.61681735606
2001-06-11,-7.02980895496,-4.1334423907,24.6118482943,-8.97132097875
2001-06-12,-7.43433673051,-4.01739397048,22.8231209495,-9.25887537198
2001-06-13,-6.19494535116,-2.55774412639,23.718223777,-9.09735805654
2001-06-14,-6.70568600834,-2.55352471337,24.986304986,-9.886334988
2001-06-15,-6.05097162834,-2.85216587809,24.0633020379,-10.5798661208
2001-06-16,-5.46415767032,-2.75677843951,25.5213109551,-11.0549625892
2001-06-17,-4.41213707904,-3.19461737186,27.0733072376,-10.3474220835
2001-06-18,-3.42326443713,-4.14349705451,26.7575345484,-8.886587636
2001-06-19,-4.13895916562,-4.74973560671,27.0629706342,-7.89925145525
2001-06-20,-6.34637622745,-5.15058925362,25.2483683351,-6.3480074599
2001-06-21,-4.84051365945,-5.9552352213,25.5328567093,-7.3270803939
2001-06-22,-5.05716007621,-5.32028408378,25.1226832261,-7.01408190141
2001-06-23,-4.35340342284,-4.2866058447,23.9522448373,-6.95948258363
2001-06-24,-5.96748582361,-2.98617728801,24.2628733886,-6.9518246959
2001-06-25,-6.34075690272,-3.36267811296,25.4085443739,-6.62647486486
2001-06-26,-6.3724890672,-2.68839015424,25.1050906373,-6.8050598915
2001-06-27,-5.730212529,-2.95549000516,25.2074581341,-6.92979124451
2001-06-28,-6.58794752657,-4.45514723982,25.5515185025,-6.39445680036
2001-06-29,-8.05884412707,-4.13407096368,27.5035288959,-5.10419430374
2001-06-30,-6.50390771077,-3.29618399048,28.4048921886,-4.5836313133
2001-07-01,-5.65756847596,-3.34059307422,26.6861361821,-3.58893739881
2001-07-02,-7.45513155232,-4.55579788333,28.3084977867,-3.94685603651
2001-07-03,-5.44480807983,-4.82939089844,29.8524023781,-4.85220029741
2001-07-04,-4.26233526644,-6.21271161221,30.8047785034,-6.46348101282
2001-07-05,-5.80310572956,-6.46871475131,31.1069228245,-7.62146972161
2001-07-06,-3.96109566609,-7.48842184901,31.7106441393,-7.00820369738
2001-07-07,-4.56803943654,-7.33438424408,31.806921602,-6.74941978697
2001-07-08,-5.07971981565,-7.48144563628,32.8791114689,-6.84996669811
2001-07-09,-4.7033532839,-8.41067693763,32.617225198,-5.62653582485
2001-07-10,-5.59082011378,-8.6854404891,33.5982807344,-6.80296256021
2001-07-11,-5.91241497263,-8.56725114792,33.6005854449,-7.05672730426
2001-07-12,-5.82919971834,-7.01634535513,33.6324192868,-6.37686101469
2001-07-13,-4.05768996097,-6.00575312965,32.1590722944,-7.55507158605
2001-07-14,-3.8748662622,-6.53155007181,32.1956332764,-7.30850494133
2001-07-15,-3.13270754728,-8.37038678071,33.4539967956,-5.95706880329
2001-07-16,-3.89927881156,-9.77258856363,32.3064111195,-5.0673046153
2001-07-17,-4.24288722202,-9.31508332589,31.6995653943,-6.2956690404
2001-07-18,-4.40379496188,-9.12195449981,31.2695961742,-4.89328981621
2001-07-19,-3.70847527214,-10.0860912696,32.0309066417,-4.80558032423
2001-07-20,-2.81399361543,-8.98295222096,30.6985904738,-6.41389315822
2001-07-21,-2.27028406455,-10.3381706508,30.7087522445,-6.30908559234
2001-07-22,-3.10090167711,-10.0198689504,30.7187661241,-8.08802707297
2001-07-23,-2.97517619228,-10.539719791,30.4364645475,-7.78888072132
2001-07-24,-2.55450490198,-9.58992738704,29.3194629095,-6.34044376447
2001-07-25,-2.96165024425,-8.75304246777,28.8908446067,-6.99976971876
2001-07-26,-1.40179327703,-8.13915661265,27.1624835217,-7.06328168892
2001-07-27,-1.11072511562,-7.86716199918,25.7049085592,-6.30168100874
2001-07-28,-0.547560431162,-8.56022794309,26.5566167623,-6.77992547312
2001-07-29,-2.46569082069,-10.5921057302,27.0457457599,-6.40295971011
2001-07-30,-2.45060390099,-11.3775796475,27.5584798919,-5.22157328822
2001-07-31,-3.45755558487,-10.2966603111,27.8120321712,-4.02336199644
2001-08-01,-3.64452123764,-11.2558392254,27.9198620394,-5.19855924395
2001-08-02,-1.04265280365,-10.640806568,28.7387708139,-6.31609522871
2001-08-03,-1.28818449015,-10.282955436,26.9863365324,-7.30560895863
2001-08-04,-2.04710983241,-9.94828942773,25.9401095878,-8.18688152877
2001-08-05,-3.32582188007,-9.46929469802,25.438635038,-8.04797764986
2001-08-06,-3.34300393186,-10.7376175745,24.5437726324,-7.59473297024
2001-08-07,-3.03267002382,-10.7876941678,24.5387585478,-7.41153996617
2001-08-08,-1.80298818124,-9.44297305746,24.7715076187,-6.64545871318
2001-08-09,-2.08924709057,-10.9712603367,23.6262153896,-7.83687737195
2001-08-10,-1.91766471985,-11.1084437728,23.6396039743,-7.43012803666
2001-08-11,-1.35618424374,-12.0349337915,22.264050421,-6.17448010286
2001-08-12,-0.132262013759,-12.0752131382,20.2636477912,-6.48310560277
2001-08-13,0.216655023943,-10.9260173207,21.9353608993,-6.75009552281
2001-08-14,0.536373107378,-11.5279523741,22.2619843623,-8.17147234973
2001-08-15,0.43411035226,-10.2172434316,21.8607594351,-8.06718919794
2001-08-16,1.69887290026,-8.9348231998,19.9058782235,-9.07294365429
2001-08-17,2.60953810689,-9.78374026304,19.3168437444,-7.77138973123
2001-08-18,2.32342397857,-10.6161341079,20.1107510689,-6.83309709767
2001-08-19,2.42740054926,-9.04522591713,21.0137275829,-7.68105181654
2001-08-20,2.72797633829,-8.80005487489,20.7488210012,-7.48983708711
2001-08-21,3.2592978159,-8.46023517273,21.3415185544,-6.27438085346
2001-08-22,4.27549038222,-8.17946883517,20.4713527683,-6.3151419138
2001-08-23,5.50541350389,-10.3724806513,20.1763405322,-6.0885230078
2001-08-24,6.35893644954,-11.3107894784,20.6974315229,-5.55015224082
2001-08-25,6.17460725062,-11.8068766874,20.6315825841,-5.89577997458
2001-08-26,6.82928735028,-11.5352526469,19.3425483103,-5.72602669201
2001-08-27,6.27925551619,-13.3315495549,18.9395170472,-5.15304140951
2001-08-28,4.13759594138,-12.0350417225,17.3313557313,-5.17601706122
2001-08-29,4.39289511845,-13.9196355165,15.9328745273,-6.51018423555
2001-08-30,5.78776254105,-14.1783099445,15.7663204038,-7.31222064335
2001-08-31,6.0844969515,-15.0979617774,16.2928945459,-7.33296006108
2001-09-01,7.75919976918,-14.4352291622,15.3440408751,-6.7229307998
2001-09-02,6.99243553952,-14.3321946171,15.0388173569,-6.87121997838
2001-09-03,5.14175645833,-13.237645679,15.6642052478,-5.74592943594
2001-09-04,4.1015155228,-11.4725430842,17.1249167608,-5.34096266906
2001-09-05,3.98706410434,-10.7931279591,17.143992275,-5.97826640533
2001-09-06,4.86746183714,-11.3192945614,17.4461068225,-5.83120761095
2001-09-07,4.80941211965,-9.71015776742,18.0043299731,-5.43531941712
2001-09-08,4.45099495527,-10.0053330884,18.1869466071,-5.50566302077
2001-09-09,6.87194637911,-9.02389144872,19.2896157376,-6.64034713512
2001-09-10,6.54648858238,-8.34688472249,19.9814428852,-7.30605765227
2001-09-11,5.78667121334,-7.17853591434,19.2911885652,-5.87640081385
2001-09-12,5.72251281411,-7.58874202598,18.0530442364,-6.25499417994
2001-09-13,5.08870519364,-8.70725250337,17.4987934978,-6.13599571337
2001-09-14,4.57459977002,-7.10405711227,18.190881217,-6.88851602846
2001-09-15,4.62321371843,-6.86219188863,18.2754428462,-4.84786204138
2001-09-16,5.43672343728,-7.8830039666,18.5973666589,-6.62357103198
2001-09-17,5.64257938968,-7.21304869095,18.3875982977,-7.04319037413
2001-09-18,2.42171929683,-5.72122459398,19.6130541378,-6.15657446491
2001-09-19,2.86247659442,-6.07686962434,20.8920169755,-7.62849364521
2001-09-20,1.7836560048,-5.51754456959,20.6815732128,-9.18998750263
2001-09-21,1.73032832447,-6.28433151316,21.4494026736,-11.0816319374
2001-09-22,2.08925816454,-6.14374729258,21.2915364707,-12.1479719209
2001-09-23,1.19395085234,-6.8640587213,21.5953036558,-10.7352500781
2001-09-24,-0.793696544117,-6.85409969965,22.5178892743,-11.3879454113
2001-09-25,-2.12630603282,-9.06216238567,23.1988566361,-11.5372922449
2001-09-26,-3.32193302634,-8.12896232947,23.255991058,-10.0730465147
2001-09-27,-3.84758174647,-7.22104093985,23.4245100467,-10.3485385638
2001-09-28,-3.29043426909,-7.49384738511,25.1017345615,-9.88147537159
2001-09-29,-2.82478665139,-8.22619675116,26.8028819575,-9.04992759216
2001-09-30,-2.86635983083,-6.08255513077,27.1442104091,-8.33179722758
2001-10-01,-2.47202018043,-7.08462308185,27.4739068002,-8.50716530239
2001-10-02,-4.51693695262,-6.6315590769,27.8632918467,-8.22597297103
2001-10-03,-4.40435688978,-6.84841568555,28.0687157917,-7.60973826253
2001-10-04,-5.57152921368,-6.58493371415,29.3404925492,-7.13887893409
2001-10-05,-4.15035517501,-6.56118759229,27.6880170364,-8.38037438016
2001-10-06,-4.40473618508,-7.01112805721,26.0125555236,-6.21598259111
2001-10-07,-3.21535161386,-6.12700470272,26.7852391001,-8.02393879036
2001-10-08,-3.34764571926,-3.7901530188,26.5227348418,-9.50025976477
2001-10-09,-1.89482767044,-4.25722765211,26.9992811561,-8.54995696053
2001-10-10,-2.32742487353,-4.52669598976,26.8594567791,-8.24517360311
2001-10-11,-2.14644478581,-6.8873632659,28.0487354517,-8.44336782404
2001-10-12,-0.985803840829,-5.61523287501,28.0008270397,-9.19135979643
2001-10-13,-2.19481656477,-6.1364115357,27.2072668931,-8.44850148233
2001-10-14,-1.54894865062,-4.74923348071,28.1697481856,-8.42699176757
2001-10-15,-2.60048623655,-3.31444725885,29.0405880205,-8.64881921927
2001-10-16,-2.40690514521,-4.30535940728,28.9855715629,-7.26469463652
2001-10-17,-4.24417688373,-6.13566810568,29.8667431128,-7.1769732776
2001-10-18,-4.36803951813,-6.46389819351,31.678694155,-6.93437149396
2001-10-19,-3.72954565176,-6.63887379329,30.7135790543,-5.6271299909
2001-10-20,-5.06205346439,-7.09921255797,30.8321052687,-6.08186125214
2001-10-21,-5.91897193003,-7.66626304424,30.3173845398,-7.51246917218
2001-10-22,-6.72212845408,-4.76419525774,30.7224942113,-6.52693659297
2001-10-23,-6.36274901977,-3.61144129074,30.7603076391,-8.62694024832
2001-10-24,-5.62325688028,-3.76981400137,29.3903688663,-8.69127899337
2001-10-25,-6.48630954503,-2.66570954973,28.8938346837,-8.30974899813
2001-10-26,-7.09932388203,-1.47733988175,28.1361888854,-6.63184269656
2001-10-27,-3.79482830044,-0.385814316861,27.5978213998,-7.62758409425
2001-10-28,-4.99812167853,0.908846501401,29.0810510697,-9.77603453486
2001-10-29,-5.0997130519,0.641451168284,27.5208847551,-10.1541704847
2001-10-30,-5.39052565125,1.11367412441,26.0639372101,-9.44416711859
2001-10-31,-7.09542941261,2.36655369333,25.8956694459,-9.60525009085
2001-11-01,-7.58796287654,0.970850006387,27.452835366,-9.1883745536
2001-11-02,-9.08143605592,1.34610126501,26.6168405309,-9.26980537059
2001-11-03,-11.1599513541,1.22287088105,26.9579990423,-9.88596269364
2001-11-04,-10.3569206729,3.9310068519,26.9140361779,-7.25997189772
2001-11-05,-9.8936147404,2.90466490286,26.9396044516,-7.89433981123
2001-11-06,-9.61399259754,3.61990899537,29.9146714516,-7.26860810358
2001-11-07,-10.1426744569,2.90178220835,29.6839491895,-8.74750616395
2001-11-08,-11.0563752304,2.41082265534,28.4730011216,-8.19362717955
2001-11-09,-11.3812706105,3.92381017074,28.1351154816,-9.48230839258
2001-11-10,-12.5274328914,3.70763900941,30.0936663134,-8.65364296407
2001-11-11,-12.3617776281,3.76324109072,30.3843528749,-9.46417797955
2001-11-12,-13.2284103742,4.14573559548,29.2351362586,-9.42634447426
2001-11-13,-12.0928329486,4.53050071401,30.7158900024,-10.4975085789
2001-11-14,-12.3879848582,1.65708919934,31.6159059601,-9.97317003589
2001-11-15,-11.8185342868,3.02774021302,31.0418998006,-9.56382958553
2001-11-16,-11.6406384262,4.15143116553,29.7008427578,-9.21452359702
2001-11-17,-13.3984966886,2.88297227166,27.7693703347,-8.73137230658
2001-11-18,-13.4103208502,4.43491990344,28.4004206396,-8.87304160532
2001-11-19,-13.3359891867,5.00752812366,30.3066259214,-8.62113301682
2001-11-20,-12.7908234822,4.69626186548,31.9437949461,-8.46251632695
2001-11-21,-11.9085899445,5.29489959525,31.9951711105,-9.07755656446
2001-11-22,-12.4443383297,5.15480169743,32.3009538175,-10.22345735
2001-11-23,-12.6170637403,4.36822062595,31.6719281623,-10.6921192957
2001-11-24,-12.9211156443,5.32593835176,31.6464432626,-11.9075065155
2001-11-25,-13.4010096357,4.85441002447,31.4884755256,-10.5627640591
2001-11-26,-14.3743898285,5.09470855249,30.543887529,-10.2276344527
2001-11-27,-14.1941350823,6.52700233784,30.7812740986,-9.81184447548
2001-11-28,-14.1658658551,6.98221759745,29.1040299805,-10.0936587782
2001-11-29,-13.7695285051,7.70533717384,29.5363499844,-12.25922898
2001-11-30,-12.9587782893,8.58829216295,29.3216961409,-11.7731635764
2001-12-01,-13.0460129087,7.09660223293,29.5109313149,-10.617208612
2001-12-02,-11.6468831916,7.68742518735,27.9770487256,-11.0282253983
2001-12-03,-11.8997683364,9.31468445975,28.8107619112,-11.8767371268
2001-12-04,-12.7440067995,9.64610249182,29.3852976727,-12.9695041831
2001-12-05,-12.5914258959,11.8824782582,31.2647046206,-11.6814207022
2001-12-06,-12.8700711978,12.4859297647,31.2052026686,-13.1481821257
2001-12-07,-12.9966791987,11.2153516626,29.8751370276,-12.9996699263
2001-12-08,-13.4829863659,10.357553619,29.3708051005,-13.3861781867
2001-12-09,-12.1270787366,10.9310743303,28.9693395359,-14.1691266224
2001-12-10,-12.9713124856,10.6530379813,30.2233204667,-13.5136267114
2001-12-11,-12.0857658804,10.2783117141,29.4852439609,-14.5642619361
2001-12-12,-12.2013957195,9.91635243871,29.4842446372,-13.0194373127
2001-12-13,-11.6062703656,9.67816297863,28.2843863708,-12.5792631107
2001-12-14,-11.8381853027,11.1154532433,28.4688997224,-11.4900247119
2001-12-15,-10.9246519681,11.6792358022,29.6245936087,-13.1510955062
2001-12-16,-11.7054798323,12.0718984964,30.7290558472,-12.2566487622
2001-12-17,-10.9264189065,13.5118618453,30.3841973072,-13.303602516
2001-12-18,-8.81118572957,12.5518720781,29.9627062228,-13.6548912592
2001-12-19,-10.4220792287,11.6880658523,29.2225577624,-13.4799885456
2001-12-20,-11.4242243943,10.7468644298,30.0377544127,-12.7484522847
2001-12-21,-11.724674955,8.54304726762,29.9808064064,-11.9479879832
2001-12-22,-10.4169278061,8.19200996487,30.0653775042,-13.0983269864
2001-12-23,-10.3566311856,7.46429197247,28.6061582245,-11.2867114611
2001-12-24,-9.20290895944,8.39313595723,28.9314099952,-13.4781965166
2001-12-25,-8.82635522157,8.90194456886,28.5292075616,-14.3401063532
2001-12-26,-6.56974721781,9.66961855518,29.8488204239,-13.587339535
2001-12-27,-5.7151170205,8.67666557544,31.1116384561,-12.334176817
2001-12-28,-6.49583195682,7.9294076787,32.0608522112,-12.7255597681
2001-12-29,-7.66079374622,7.76137612171,33.4829912269,-13.2006110566
2001-12-30,-8.67674746705,8.65788288659,33.2816900514,-13.294680474
2001-12-31,-9.41040303766,9.76658237677,33.0722097771,-13.0179834753
2002-01-01,-9.52282067068,10.7614972252,34.6123385877,-14.3523302762
2002-01-02,-9.81909496476,11.4241010731,35.8665338388,-13.502503481
2002-01-03,-12.4630784361,12.6196768253,35.584212428,-12.7831645934
2002-01-04,-13.2686154283,13.9769003351,34.3783135738,-12.6498690139
2002-01-05,-12.7160987676,15.0723984437,31.6402358217,-13.550551683
2002-01-06,-13.4366289109,13.77879831,32.054353649,-15.4983160853
2002-01-07,-14.5365115865,13.5604439741,31.5101747055,-14.8796782932
2002-01-08,-13.7180231522,12.2762525429,31.6900785508,-14.2791793952
2002-01-09,-12.8667398863,12.0513333334,30.9271701975,-15.1752545961
2002-01-10,-14.3417931929,11.5490827556,31.4006869606,-17.8808699319
2002-01-11,-14.7977096365,11.2712980707,32.0361838428,-16.4513114076
2002-01-12,-13.8502040612,10.5502313476,33.0805075079,-15.7854960081
2002-01-13,-14.0406384321,10.577704378,31.8882384656,-16.8537283946
2002-01-14,-14.9753085914,10.3859012247,33.0806285297,-16.117854975
2002-01-15,-14.460328829,8.46213387508,36.0220641846,-15.909649727
2002-01-16,-14.4150176091,8.0774597524,37.6809671048,-16.2040436324
2002-01-17,-16.3040925717,8.09473405566,38.3163585994,-16.3521960784
2002-01-18,-16.866912861,8.34764765757,39.7078242165,-19.0107902301
2002-01-19,-16.9090956169,9.81203784395,38.9962231941,-19.7239010061
2002-01-20,-16.4839317489,9.58254628921,41.0937657631,-20.3121645869
2002-01-21,-16.1127733638,8.57055049802,40.4812499382,-22.7587367276
2002-01-22,-15.7885776111,7.23064018928,40.6521256098,-24.2921954432
2002-01-23,-15.4540160409,7.95677391727,39.3156785141,-24.4846884868
2002-01-24,-16.108183878,8.81016820831,41.160438124,-24.7278561604
2002-01-25,-17.6722656411,9.03279592725,42.3676237081,-25.2647592288
2002-01-26,-17.5741105949,8.51498238905,43.6046934036,-24.6465937744
2002-01-27,-17.2492502844,9.64424176812,44.0505732226,-23.6222379512
2002-01-28,-16.9686043436,10.1134407503,44.3807469305,-23.7246593765
2002-01-29,-17.8532605709,9.57654942489,42.8505524736,-23.5941905242
2002-01-30,-18.7136329825,8.93603890568,43.8921392611,-23.4466079776
2002-01-31,-18.7735833602,8.51349204126,45.2144281634,-21.2970673369
2002-02-01,-18.7354766514,8.84515097916,45.0199327412,-21.2558473511
2002-02-02,-18.0377777967,9.63351047273,43.1384378895,-20.1441614328
2002-02-03,-18.7530899237,10.874390666,44.0148761199,-20.7281062176
2002-02-04,-17.6959057942,11.9538043552,45.26260445,-21.9968734509
2002-02-05,-17.9013953173,13.0047779662,46.9916968025,-22.1079096
2002-02-06,-17.2906279273,11.3027591071,46.3537715272,-23.119478976
2002-02-07,-17.6295352351,12.0940221377,45.4671015834,-22.2499722264
2002-02-08,-15.8613677998,11.2601161319,43.6388825284,-22.500465815
2002-02-09,-17.94280756,10.8027199265,44.0932749399,-22.342039124
2002-02-10,-17.5100954124,11.0655143013,45.1612980677,-22.7702182627
2002-02-11,-18.4024252302,11.4910451966,45.8634697239,-22.4397019475
2002-02-12,-16.5775970313,11.3924714143,45.5237095629,-24.1506384989
2002-02-13,-16.2148610538,12.0176238623,46.3804147182,-23.5861601005
2002-02-14,-15.269166375,10.7097604316,48.6121065448,-22.3624348821
2002-02-15,-15.3500717692,10.7537978651,46.6089507766,-20.8660579531
2002-02-16,-13.9005763343,10.6859540202,45.5186862397,-21.7211197635
2002-02-17,-14.214286409,11.0509473477,44.4065151838,-21.8390817803
2002-02-18,-15.1711123652,11.0988498226,45.2481995527,-22.7367973992
2002-02-19,-16.7241405353,10.966415872,46.1208426444,-23.6346484414
2002-02-20,-17.6491757183,10.0199870805,46.848748392,-22.7116743007
2002-02-21,-19.1695048731,10.329680102,46.7365653599,-22.9877342347
2002-02-22,-19.5688198277,9.9356046251,48.3348038469,-22.265236299
2002-02-23,-19.9965427525,9.40641647557,49.4001480057,-21.3754805081
2002-02-24,-19.9809392541,9.16300775619,48.6665452279,-21.8111477954
2002-02-25,-21.1437855255,8.9092720215,48.826427096,-22.186488452
2002-02-26,-20.7735673287,9.43838258316,49.8922229378,-20.4790632324
2002-02-27,-20.1777320539,8.56197197872,50.8266646259,-19.1987260795
2002-02-28,-18.9376652719,8.59170135608,50.1823751533,-18.2343664932
2002-03-01,-20.0927630321,7.23353220706,50.1029428686,-18.5390060123
2002-03-02,-20.6094722495,5.50533682808,50.0554760537,-19.8202123301
2002-03-03,-20.268460138,6.23070671634,48.666490884,-19.8346674798
2002-03-04,-21.1414209688,5.14267932993,48.6637783686,-18.0264532711
2002-03-05,-20.3105730798,6.35020098796,47.4637610063,-17.1808599521
2002-03-06,-18.4646133564,6.52077548369,46.9927308136,-17.32906957
2002-03-07,-20.3300026107,8.37157736034,48.3550188841,-18.0160865288
2002-03-08,-21.1033112238,6.05785044487,48.7540826577,-18.0729418631
2002-03-09,-20.6356302923,7.5734132366,48.7476808992,-18.5089358419
2002-03-10,-20.4774219941,7.81913612683,48.6864482099,-18.3597016745
2002-03-11,-21.0355088656,8.02051504096,47.8396008276,-18.1875173683
2002-03-12,-19.4934662016,6.67955517495,46.7962856225,-16.6673142917
2002-03-13,-18.3020504797,8.53196210984,48.0090499258,-17.5701870112
2002-03-14,-19.4307099743,8.21615116977,47.2226478398,-16.8117088752
2002-03-15,-20.6080854993,10.0622698103,47.3861840506,-17.5114829863
2002-03-16,-20.234144468,9.23239063024,47.0356319886,-18.0498966276
2002-03-17,-19.394449512,8.76940244442,47.662764624,-18.940662382
2002-03-18,-19.9726430232,9.17801729107,46.9093421556,-18.5154215858
2002-03-19,-19.948002847,10.7910052354,46.3108147503,-18.3435008664
2002-03-20,-18.9478084464,11.3864083212,45.5012528406,-20.1977833587
2002-03-21,-19.1042818954,10.5492787137,45.4418365416,-19.8903686411
2002-03-22,-18.5378130838,12.6737783339,44.3637765174,-19.3292243876
2002-03-23,-18.4507530669,12.7827029844,43.718343021,-19.5868332723
2002-03-24,-19.7006851836,13.6832142397,43.089395695,-19.6732311538
2002-03-25,-19.6215146824,14.4151290658,44.3599328982,-19.8149476816
2002-03-26,-20.463243898,15.6812479706,44.1570417011,-19.0190817883
2002-03-27,-20.6491928014,15.4055596421,44.4672543357,-19.3395657408
2002-03-28,-22.1413343531,14.7611096363,43.8828218538,-18.5238806618
2002-03-29,-22.8624550792,15.5250725662,43.8046717495,-17.4953627758
2002-03-30,-24.5363817656,15.7297192107,43.0579381389,-17.9360683601
2002-03-31,-25.5692233871,16.7026021475,43.4799225599,-19.6771994042
2002-04-01,-26.9194381015,16.5275337004,44.4654231901,-20.2915809287
2002-04-02,-26.1100284232,16.5181292972,43.2894269711,-20.3260686458
2002-04-03,-25.6908029895,15.3294838381,42.0938108431,-19.6775774812
2002-04-04,-25.3863257703,13.9859308348,42.4681062782,-19.2201400481
2002-04-05,-26.3244318475,11.8848152797,43.4455013129,-19.9724985126
2002-04-06,-25.1570562009,12.3000088794,43.0384102131,-20.9204089886
2002-04-07,-25.3949200276,12.8570677337,43.4517637735,-21.111869494
2002-04-08,-24.4734026879,12.2732174596,45.2289718764,-21.0003028259
2002-04-09,-23.6468465017,11.5938332346,44.4290771181,-21.8860226595
2002-04-10,-24.1455621202,11.4055287451,45.4836059451,-21.1081160983
2002-04-11,-24.4357431655,11.5531419957,44.7572104108,-20.7900758057
2002-04-12,-23.3842923449,10.888663174,44.3575482431,-20.1670745848
2002-04-13,-22.6348357652,9.61051639717,45.7770175972,-17.8086654419
2002-04-14,-21.7447680966,8.51919536757,45.8217158166,-17.4309385741
2002-04-15,-21.6824541608,7.06012490604,46.1940126765,-17.8731661823
2002-04-16,-20.7047250057,5.80374176931,46.7603138802,-16.6337726566
2002-04-17,-19.2249331353,5.80267391397,48.4700533133,-16.4073838879
2002-04-18,-20.0666121773,6.28553685924,48.7514038787,-16.6428799081
2002-04-19,-19.2209673644,4.81482010548,47.7911668046,-15.6454854201
2002-04-20,-19.4707927299,5.89985628739,47.3768223677,-16.4831141472
2002-04-21,-19.8812104299,5.62568785761,44.8996512903,-16.6643783767
2002-04-22,-20.3356048487,4.32894820083,46.7287188276,-17.4358524794
2002-04-23,-21.7371417144,3.72945387963,46.1287625303,-17.5166558808
2002-04-24,-21.6048378435,4.14481328759,45.8491109171,-16.9525377049
2002-04-25,-21.5774303843,4.77328344439,46.9087059143,-15.9954117763
2002-04-26,-21.651907113,4.32681712545,46.3415947898,-17.6991549443
2002-04-27,-21.5046747599,5.5532919118,46.9185932948,-18.8616337376
2002-04-28,-21.3489901857,4.34133942086,47.944270898,-17.6774839707
2002-04-29,-20.8873740788,2.21034267059,48.6666674193,-18.43819407
2002-04-30,-20.3741777426,1.59310260236,48.8233504322,-17.7146506826
2002-05-01,-20.6426026196,1.0915289515,49.0296583975,-17.8575243919
2002-05-02,-20.5141481529,-0.216224494588,50.3059984237,-17.3302475374
2002-05-03,-20.2273560493,-1.82246741113,50.9399467151,-16.558333264
2002-05-04,-20.8905722132,-2.58930688327,52.4092922326,-17.0085710624
2002-05-05,-22.3722356839,-3.48171752478,51.3898787718,-18.6797065151
2002-05-06,-20.7699283437,-2.7399868459,51.3788672376,-18.0983049157
2002-05-07,-20.66466866,-2.43535152437,52.2425990676,-18.1244664019
2002-05-08,-20.4090563,-2.35897961922,51.5153579904,-18.0364869924
2002-05-09,-18.6268593454,-0.800170798819,50.873400911,-18.8680151635
2002-05-10,-18.4308857985,-1.93150154354,50.4318676603,-17.7632804529
2002-05-11,-18.7698222979,-2.0421947604,50.8329348861,-17.7694496229
2002-05-12,-18.9737685428,-2.00050238593,51.3712148454,-19.0975752424
2002-05-13,-17.2757901526,-1.28312156915,50.5247615363,-18.9777647824
2002-05-14,-16.2348811572,-1.1860608955,50.4306573056,-19.8224117334
2002-05-15,-16.2132992259,-0.963510271428,49.6872386134,-19.473990256
2002-05-16,-16.7650270021,-2.36675749981,49.7557086107,-20.6383231681
2002-05-17,-16.5384239596,-2.30296966246,49.1550233763,-20.1318154273
2002-05-18,-18.2057941467,-1.17965942408,49.2968103732,-19.3111911182
2002-05-19,-18.9833160024,-1.87610706663,50.6554728597,-18.9304309848
2002-05-20,-18.8755594382,-0.854178544313,50.7737751561,-17.4638006764
2002-05-21,-18.71979261,-0.433018559073,50.8763156746,-17.210702236
2002-05-22,-18.6951079353,-0.871573292086,50.0036556409,-17.8248180952
2002-05-23,-18.9485190526,-0.0683252831156,50.325135358,-18.7681036523
2002-05-24,-18.070029515,0.546260778684,49.2955954402,-18.8148768659
2002-05-25,-17.5674444911,0.668548412848,50.0299839258,-20.0477776891
2002-05-26,-16.7560580568,0.276046931054,49.1925078998,-20.5515305069
2002-05-27,-16.9652763992,-1.49190270671,49.3837924666,-19.5988795473
2002-05-28,-16.6165216793,-2.25887922603,48.8895424942,-18.7891628796
2002-05-29,-16.04765082,-1.55154711234,48.6787857096,-19.7670597266
2002-05-30,-15.4987439529,-1.7958879529,48.1252756566,-21.5063037714
2002-05-31,-16.0148749391,-1.63120476147,48.8253649498,-22.9272353504
2002-06-01,-15.7713795608,-2.76037633844,49.2806995245,-22.0018993058
2002-06-02,-16.2330954372,-2.8865525438,48.773968268,-22.5206372831
2002-06-03,-16.6359055026,-3.80268130141,48.8939346642,-22.6377184506
2002-06-04,-18.2704451613,-2.78377946708,51.2530975403,-22.3830039041
2002-06-05,-16.5162474906,-2.53216221443,52.9432232496,-23.0923073194
2002-06-06,-17.5899813839,-0.707320645792,53.7938020478,-23.102020828
2002-06-07,-17.5243145739,0.0728787200121,53.8232528011,-24.166450844
2002-06-08,-16.6778986057,0.969635283551,52.916044571,-24.2302653605
2002-06-09,-16.007028269,2.77617671301,51.6012186202,-25.4420308242
2002-06-10,-14.1783419383,3.83463760488,52.2086053606,-25.0780951859
2002-06-11,-15.4445012504,3.06213073968,51.8075414133,-24.7634002523
2002-06-12,-16.2658482372,3.41947756676,51.768025474,-23.9903239333
2002-06-13,-20.1438229814,3.09934635189,50.7665666266,-23.2068973334
2002-06-14,-20.2963401429,-0.604965590635,51.6672927026,-24.5736062237
2002-06-15,-21.378099069,-1.28455363137,51.3398493837,-23.3641637291
2002-06-16,-19.8334186978,-1.27864798516,52.0386330282,-22.3643972839
2002-06-17,-17.6979465719,-1.58582900422,52.5426457913,-24.6368850574
2002-06-18,-16.2455319599,-0.481989679975,53.3034845559,-23.4352107024
2002-06-19,-16.56470488,-0.288765108757,52.9452296045,-23.8095194682
2002-06-20,-19.4279279448,1.29652065096,51.4416209504,-25.3149171699
2002-06-21,-18.8695264538,1.60195702387,50.2992801676,-25.9078896059
2002-06-22,-19.8992215817,2.0275439251,48.5553635706,-25.627669833
2002-06-23,-19.5047571723,1.1392129512,48.9726205382,-25.5241480586
2002-06-24,-20.3528698385,2.14017105196,50.2644119891,-25.9823527104
2002-06-25,-21.3476571175,2.68379645806,50.0731541499,-26.4019257016
2002-06-26,-21.6748311567,2.45521869121,48.619958291,-25.8132881507
2002-06-27,-20.0174593567,1.23216058383,48.0374757156,-27.325498546
2002-06-28,-20.9410879252,0.770063865474,47.7401850483,-26.6123494518
2002-06-29,-20.944394469,1.73830017333,46.6054164233,-25.0334814556
2002-06-30,-22.3234179666,3.08096951051,47.6046144241,-27.1622397222
2002-07-01,-22.8435430068,3.06490580763,47.7249813192,-26.7975444169
2002-07-02,-22.3390782482,4.95909616134,47.7547476827,-28.1416660217
2002-07-03,-20.7208715447,6.11114921712,48.0777380952,-28.4364698706
2002-07-04,-23.2087387341,6.75217363083,48.2233665022,-25.9507434861
2002-07-05,-24.0784918236,6.67197953733,47.0254391518,-25.2431901692
2002-07-06,-25.5450803502,7.01067431126,45.7966859895,-25.4839247854
2002-07-07,-24.8792107402,4.22880770343,44.6202140333,-24.0159480755
2002-07-08,-25.0006520622,3.97515938413,43.5154558514,-22.7984403592
2002-07-09,-24.3129307113,3.91286357652,44.7743930075,-22.3661320763
2002-07-10,-22.9338529448,4.42167963372,43.8954011133,-22.3511917442
2002-07-11,-23.6394801935,5.10623018178,44.0184036523,-24.0186465063
2002-07-12,-22.1189620765,4.37795615257,42.5881986455,-24.1631797347
2002-07-13,-21.6370283491,5.46493669979,42.3973074153,-24.7509497475
2002-07-14,-21.4649466266,4.52797542659,42.9219325746,-25.884258649
2002-07-15,-21.2183376009,5.9316465723,44.5148242122,-27.0117704794
2002-07-16,-21.4016067475,4.97339818177,43.0590349455,-25.7453398414
2002-07-17,-22.3511792426,5.51955008818,43.4222187211,-26.6637431664
2002-07-18,-21.9827969522,6.91693192071,43.4780302218,-26.3452704014
2002-07-19,-22.0514569817,5.79954236289,43.478773975,-26.6262200294
2002-07-20,-22.221730282,7.39140670691,43.3326209812,-26.6344710037
2002-07-21,-22.8280868062,6.29656098615,44.3890186312,-26.8590535596
2002-07-22,-20.1980079996,4.65417453592,45.49651051,-27.3278127586
2002-07-23,-20.4544933216,4.46881788826,46.6115057173,-27.0750008424
2002-07-24,-17.6943619466,3.7987739789,45.1454992963,-27.1986704882
2002-07-25,-18.0355651651,3.93144077738,45.9981631111,-28.8443245665
2002-07-26,-17.0991659666,3.96199061606,45.8549048422,-28.6669324787
2002-07-27,-15.7070748145,3.5810994192,46.1171918636,-28.9499069089
2002-07-28,-15.6420552549,4.43508779149,47.0882544915,-31.4687620595
2002-07-29,-16.4557615517,2.74548117822,47.6531940422,-30.5612805932
2002-07-30,-15.9679225946,0.958348539345,47.9310532637,-28.9998879763
2002-07-31,-16.7297154102,2.53664812598,48.6435728595,-30.3573457271
2002-08-01,-17.5593198948,0.368503369331,47.9097959819,-30.6042899153
2002-08-02,-16.1508441914,1.30458716729,48.2043714025,-32.2754133953
2002-08-03,-17.1129751837,1.83883768431,48.1900416223,-32.269703559
2002-08-04,-18.1356580244,1.50737607001,47.6025008966,-32.2990695748
2002-08-05,-16.5072104182,1.70175436233,47.5100300642,-32.3338920502
2002-08-06,-17.1487475406,3.50588140279,47.2856860677,-32.3613369356
2002-08-07,-17.9859963503,1.87105727292,48.3656844092,-33.8314997965
2002-08-08,-18.5808591001,2.84941557848,49.5388611496,-36.3871055562
2002-08-09,-19.4699639408,4.26768399542,50.6352968943,-36.8770262899
2002-08-10,-22.2949885594,5.32477857284,51.7208148009,-38.2319091851
2002-08-11,-23.0752739328,4.19267422737,51.8201752092,-38.5682015987
2002-08-12,-22.5978993222,4.48158122703,53.3137912808,-38.0746400635
2002-08-13,-22.3933706667,5.16605061895,51.5399658889,-37.2725555155
2002-08-14,-23.5092444733,4.43111312201,51.5419202066,-38.7637395738
2002-08-15,-23.1059917262,5.23991151386,53.9035481963,-40.0087791952
2002-08-16,-23.2682104385,5.20569956025,53.0031881562,-38.831091559
2002-08-17,-22.6771080495,4.6949427454,54.0917771769,-38.4687333906
2002-08-18,-21.822876632,4.49217792055,55.138484542,-39.2869661723
2002-08-19,-19.5102049775,3.81373399101,56.3124094723,-37.6965286861
2002-08-20,-22.3484325448,4.97942287088,56.4210086234,-38.4143468296
2002-08-21,-21.6969446724,5.5291343109,58.0704101087,-37.6397954693
2002-08-22,-22.9713064807,4.4354908841,57.0902984776,-37.8624807945
2002-08-23,-22.0671116156,6.6597779329,56.8194140984,-38.2185975461
2002-08-24,-21.273863748,7.17866899421,57.2077030767,-39.758797783
2002-08-25,-23.7001722704,6.27877950951,57.4545689663,-38.0358758853
2002-08-26,-22.1016168062,5.75265722105,57.5530814885,-39.6655621486
2002-08-27,-21.4001610394,4.98612575139,57.7360745368,-38.4082633367
2002-08-28,-22.0853453119,4.08626657743,59.7733758357,-37.1709333289
2002-08-29,-21.7244374202,3.93035107227,58.4895875697,-37.787415485
2002-08-30,-21.8920334639,4.99955510854,59.7271344321,-38.7055455444
2002-08-31,-21.2241692431,4.16559290827,58.9637883812,-35.6388548257
2002-09-01,-21.0235056796,4.21840862894,60.2833595044,-35.1380754249
2002-09-02,-19.7422692219,4.77336846156,60.0030442724,-33.9186489103
2002-09-03,-18.0264374517,4.33173818035,58.4842220763,-33.0693650153
2002-09-04,-19.2145955997,4.71596162856,58.0788435063,-32.310527212
2002-09-05,-18.7270341011,4.59357377074,58.2367053981,-33.2934119106
2002-09-06,-19.5198157512,4.2533873159,56.3155650239,-33.8537840504
2002-09-07,-20.4459614881,6.52761345626,55.4575230894,-33.643307382
2002-09-08,-20.3059519699,6.69211455732,56.1402979016,-36.277671869
2002-09-09,-21.2293826443,6.53589911686,53.950976697,-36.7897639229
2002-09-10,-20.3095887093,6.07775377135,52.6203484926,-36.4214407435
2002-09-11,-20.1319239622,4.17747290098,50.7524718234,-35.779431754
2002-09-12,-19.2098032845,3.63668870817,51.8358337906,-36.2883302095
2002-09-13,-18.7452332772,3.70887446361,51.865234297,-35.6841948167
2002-09-14,-17.5863918264,2.30177000784,52.1074787548,-35.8780092974
2002-09-15,-16.0871258656,1.09441625112,53.012612725,-35.9971978582
2002-09-16,-15.8195506711,1.19365623457,53.1725745053,-35.6860981366
2002-09-17,-16.3887264708,1.10094024694,53.9215428186,-34.8556102657
2002-09-18,-16.4718996813,0.404530365114,52.5491880377,-35.3613046108
2002-09-19,-17.1705791777,1.79622706656,51.5288841313,-33.9124465996
2002-09-20,-17.3768322509,1.86015406388,51.8561753868,-34.1643285045
2002-09-21,-16.576938059,3.253251009,51.7599471258,-34.6951690485
2002-09-22,-18.2124396667,3.12147330309,50.8805987494,-33.9558903034
2002-09-23,-19.1738486931,2.28053012994,51.1809551684,-33.9302850466
2002-09-24,-19.3861151777,2.63881996091,50.5744561948,-32.5770300934
2002-09-25,-18.3770476141,0.448802194008,50.3363748552,-30.8608900837
2002-09-26,-16.5846109124,1.29003052814,49.7851163428,-30.8235718213
