Date,Reported Incidents
1/1/2006,22
1/2/2006,13
1/3/2006,24
1/4/2006,12
1/5/2006,13
1/6/2006,25
1/7/2006,22
1/8/2006,15
1/9/2006,21
1/10/2006,16
1/11/2006,23
1/12/2006,12
1/13/2006,25
1/14/2006,20
1/15/2006,23
1/16/2006,26
1/17/2006,21
1/18/2006,19
1/19/2006,14
1/20/2006,29
1/21/2006,22
1/22/2006,13
1/23/2006,21
1/24/2006,23
1/25/2006,19
1/26/2006,25
1/27/2006,26
1/28/2006,14
1/29/2006,22
1/30/2006,16
1/31/2006,13
2/1/2006,25
2/2/2006,19
2/3/2006,20
2/4/2006,9
2/5/2006,13
2/6/2006,19
2/7/2006,18
2/8/2006,13
2/9/2006,13
2/10/2006,34
2/11/2006,18
2/12/2006,21
2/13/2006,30
2/14/2006,12
2/15/2006,26
2/16/2006,17
2/17/2006,22
2/18/2006,27
2/19/2006,21
2/20/2006,20
2/21/2006,22
2/22/2006,19
2/23/2006,17
2/24/2006,28
2/25/2006,32
2/26/2006,22
2/27/2006,25
2/28/2006,10
3/1/2006,15
3/2/2006,27
3/3/2006,23
3/4/2006,19
3/5/2006,15
3/6/2006,17
3/7/2006,22
3/8/2006,22
3/9/2006,15
3/10/2006,13
3/11/2006,13
3/12/2006,22
3/13/2006,21
3/14/2006,16
3/15/2006,9
3/16/2006,20
3/17/2006,20
3/18/2006,25
3/19/2006,15
3/20/2006,12
3/21/2006,26
3/22/2006,24
3/23/2006,14
3/24/2006,14
3/25/2006,22
3/26/2006,17
3/27/2006,16
3/28/2006,12
3/29/2006,21
3/30/2006,15
3/31/2006,23
4/1/2006,18
4/2/2006,27
4/3/2006,15
4/4/2006,17
4/5/2006,20
4/6/2006,12
4/7/2006,22
4/8/2006,33
4/9/2006,15
4/10/2006,22
4/11/2006,19
4/12/2006,17
4/13/2006,20
4/14/2006,22
4/15/2006,22
4/16/2006,19
4/17/2006,15
4/18/2006,20
4/19/2006,20
4/20/2006,15
4/21/2006,12
4/22/2006,23
4/23/2006,15
4/24/2006,13
4/25/2006,18
4/26/2006,20
4/27/2006,20
4/28/2006,22
4/29/2006,23
4/30/2006,16
5/1/2006,15
5/2/2006,11
5/3/2006,20
5/4/2006,5
5/5/2006,15
5/6/2006,12
5/7/2006,18
5/8/2006,16
5/9/2006,17
5/10/2006,21
5/11/2006,24
5/12/2006,13
5/13/2006,19
5/14/2006,19
5/15/2006,18
5/16/2006,14
5/17/2006,13
5/18/2006,24
5/19/2006,26
5/20/2006,25
5/21/2006,20
5/22/2006,20
5/23/2006,18
5/24/2006,19
5/25/2006,16
5/26/2006,21
5/27/2006,19
5/28/2006,21
5/29/2006,11
5/30/2006,22
5/31/2006,15
6/1/2006,19
6/2/2006,35
6/3/2006,19
6/4/2006,20
6/5/2006,21
6/6/2006,24
6/7/2006,22
6/8/2006,17
6/9/2006,24
6/10/2006,24
6/11/2006,23
6/12/2006,13
6/13/2006,21
6/14/2006,22
6/15/2006,18
6/16/2006,23
6/17/2006,22
6/18/2006,30
6/19/2006,23
6/20/2006,20
6/21/2006,17
6/22/2006,19
6/23/2006,20
6/24/2006,19
6/25/2006,20
6/26/2006,19
6/27/2006,16
6/28/2006,23
6/29/2006,28
6/30/2006,30
7/1/2006,36
7/2/2006,16
7/3/2006,29
7/4/2006,15
7/5/2006,14
7/6/2006,24
7/7/2006,21
7/8/2006,28
7/9/2006,18
7/10/2006,19
7/11/2006,17
7/12/2006,13
7/13/2006,27
7/14/2006,29
7/15/2006,19
7/16/2006,22
7/17/2006,19
7/18/2006,12
7/19/2006,14
7/20/2006,27
7/21/2006,19
7/22/2006,25
7/23/2006,16
7/24/2006,19
7/25/2006,28
7/26/2006,31
7/27/2006,24
7/28/2006,23
7/29/2006,26
7/30/2006,18
7/31/2006,25
8/1/2006,22
8/2/2006,25
8/3/2006,29
8/4/2006,14
8/5/2006,20
8/6/2006,22
8/7/2006,22
8/8/2006,26
8/9/2006,25
8/10/2006,24
8/11/2006,24
8/12/2006,20
8/13/2006,21
8/14/2006,13
8/15/2006,26
8/16/2006,28
8/17/2006,17
8/18/2006,20
8/19/2006,20
8/20/2006,21
8/21/2006,17
8/22/2006,34
8/23/2006,27
8/24/2006,30
8/25/2006,24
8/26/2006,24
8/27/2006,20
8/28/2006,20
8/29/2006,13
8/30/2006,19
8/31/2006,20
9/1/2006,34
9/2/2006,20
9/3/2006,17
9/4/2006,21
9/5/2006,22
9/6/2006,14
9/7/2006,15
9/8/2006,12
9/9/2006,18
9/10/2006,25
9/11/2006,8
9/12/2006,13
9/13/2006,20
9/14/2006,18
9/15/2006,25
9/16/2006,23
9/17/2006,20
9/18/2006,21
9/19/2006,13
9/20/2006,15
9/21/2006,21
9/22/2006,20
9/23/2006,26
9/24/2006,21
9/25/2006,15
9/26/2006,18
9/27/2006,17
9/28/2006,17
9/29/2006,22
9/30/2006,19
10/1/2006,22
10/2/2006,15
10/3/2006,24
10/4/2006,22
10/5/2006,26
10/6/2006,30
10/7/2006,23
10/8/2006,15
10/9/2006,20
10/10/2006,22
10/11/2006,24
10/12/2006,15
10/13/2006,15
10/14/2006,25
10/15/2006,19
10/16/2006,18
10/17/2006,13
10/18/2006,20
10/19/2006,16
10/20/2006,19
10/21/2006,15
10/22/2006,19
10/23/2006,18
10/24/2006,23
10/25/2006,17
10/26/2006,15
10/27/2006,25
10/28/2006,29
10/29/2006,15
10/30/2006,24
10/31/2006,25
11/1/2006,20
11/2/2006,26
11/3/2006,20
11/4/2006,25
11/5/2006,21
11/6/2006,22
11/7/2006,14
11/8/2006,21
11/9/2006,22
11/10/2006,19
11/11/2006,25
11/12/2006,10
11/13/2006,21
11/14/2006,18
11/15/2006,18
11/16/2006,26
11/17/2006,22
11/18/2006,30
11/19/2006,16
11/20/2006,24
11/21/2006,18
11/22/2006,19
11/23/2006,12
11/24/2006,20
11/25/2006,18
11/26/2006,25
11/27/2006,16
11/28/2006,18
11/29/2006,12
11/30/2006,26
12/1/2006,17
12/2/2006,31
12/3/2006,12
12/4/2006,16
12/5/2006,15
12/6/2006,20
12/7/2006,17
12/8/2006,37
12/9/2006,25
12/10/2006,18
12/11/2006,19
12/12/2006,15
12/13/2006,16
12/14/2006,11
12/15/2006,27
12/16/2006,31
12/17/2006,17
12/18/2006,23
12/19/2006,27
12/20/2006,25
12/21/2006,16
12/22/2006,22
12/23/2006,21
12/24/2006,16
12/25/2006,8
12/26/2006,19
12/27/2006,17
12/28/2006,20
12/29/2006,18
12/30/2006,19
12/31/2006,18
1/1/2007,11
1/2/2007,15
1/3/2007,13
1/4/2007,12
1/5/2007,18
1/6/2007,21
1/7/2007,20
1/8/2007,23
1/9/2007,15
1/10/2007,22
1/11/2007,17
1/12/2007,18
1/13/2007,23
1/14/2007,15
1/15/2007,20
1/16/2007,17
1/17/2007,15
1/18/2007,16
1/19/2007,22
1/20/2007,12
1/21/2007,13
1/22/2007,22
1/23/2007,12
1/24/2007,8
1/25/2007,12
1/26/2007,19
1/27/2007,23
1/28/2007,20
1/29/2007,10
1/30/2007,23
1/31/2007,16
2/1/2007,16
2/2/2007,19
2/3/2007,15
2/4/2007,22
2/5/2007,15
2/6/2007,13
2/7/2007,12
2/8/2007,17
2/9/2007,18
2/10/2007,18
2/11/2007,16
2/12/2007,19
2/13/2007,17
2/14/2007,12
2/15/2007,18
2/16/2007,24
2/17/2007,15
2/18/2007,21
2/19/2007,14
2/20/2007,11
2/21/2007,17
2/22/2007,12
2/23/2007,21
2/24/2007,14
2/25/2007,14
2/26/2007,15
2/27/2007,15
2/28/2007,26
3/1/2007,15
3/2/2007,16
3/3/2007,24
3/4/2007,17
3/5/2007,23
3/6/2007,16
3/7/2007,16
3/8/2007,15
3/9/2007,25
3/10/2007,15
3/11/2007,13
3/12/2007,15
3/13/2007,18
3/14/2007,21
3/15/2007,26
3/16/2007,14
3/17/2007,17
3/18/2007,21
3/19/2007,11
3/20/2007,15
3/21/2007,15
3/22/2007,12
3/23/2007,9
3/24/2007,11
3/25/2007,12
3/26/2007,16
3/27/2007,15
3/28/2007,21
3/29/2007,12
3/30/2007,22
3/31/2007,13
4/1/2007,20
4/2/2007,19
4/3/2007,13
4/4/2007,18
4/5/2007,8
4/6/2007,20
4/7/2007,18
4/8/2007,13
4/9/2007,16
4/10/2007,14
4/11/2007,12
4/12/2007,19
4/13/2007,13
4/14/2007,17
4/15/2007,10
4/16/2007,12
4/17/2007,11
4/18/2007,7
4/19/2007,11
4/20/2007,14
4/21/2007,15
4/22/2007,6
4/23/2007,11
4/24/2007,6
4/25/2007,20
4/26/2007,19
4/27/2007,12
4/28/2007,16
4/29/2007,9
4/30/2007,9
5/1/2007,11
5/2/2007,15
5/3/2007,7
5/4/2007,15
5/5/2007,11
5/6/2007,15
5/7/2007,13
5/8/2007,16
5/9/2007,12
5/10/2007,9
5/11/2007,16
5/12/2007,10
5/13/2007,11
5/14/2007,7
5/15/2007,9
5/16/2007,17
5/17/2007,11
5/18/2007,14
5/19/2007,21
5/20/2007,20
5/21/2007,11
5/22/2007,6
5/23/2007,10
5/24/2007,6
5/25/2007,10
5/26/2007,14
5/27/2007,8
5/28/2007,11
5/29/2007,14
5/30/2007,13
5/31/2007,13
6/1/2007,15
6/2/2007,22
6/3/2007,14
6/4/2007,12
6/5/2007,12
6/6/2007,16
6/7/2007,13
6/8/2007,16
6/9/2007,14
6/10/2007,7
6/11/2007,16
6/12/2007,17
6/13/2007,11
6/14/2007,17
6/15/2007,23
6/16/2007,15
6/17/2007,15
6/18/2007,18
6/19/2007,14
6/20/2007,11
6/21/2007,20
6/22/2007,20
6/23/2007,20
6/24/2007,12
6/25/2007,15
6/26/2007,26
6/27/2007,17
6/28/2007,20
6/29/2007,19
6/30/2007,21
7/1/2007,18
7/2/2007,21
7/3/2007,12
7/4/2007,15
7/5/2007,10
7/6/2007,18
7/7/2007,23
7/8/2007,7
7/9/2007,19
7/10/2007,20
7/11/2007,17
7/12/2007,20
7/13/2007,19
7/14/2007,21
7/15/2007,18
7/16/2007,18
7/17/2007,19
7/18/2007,20
7/19/2007,32
7/20/2007,25
7/21/2007,22
7/22/2007,22
7/23/2007,29
7/24/2007,28
7/25/2007,20
7/26/2007,25
7/27/2007,31
7/28/2007,26
7/29/2007,22
7/30/2007,19
7/31/2007,17
8/1/2007,12
8/2/2007,21
8/3/2007,26
8/4/2007,24
8/5/2007,19
8/6/2007,25
8/7/2007,25
8/8/2007,17
8/9/2007,24
8/10/2007,31
8/11/2007,22
8/12/2007,34
8/13/2007,10
8/14/2007,28
8/15/2007,21
8/16/2007,23
8/17/2007,22
8/18/2007,19
8/19/2007,20
8/20/2007,22
8/21/2007,30
8/22/2007,27
8/23/2007,33
8/24/2007,30
8/25/2007,25
8/26/2007,17
8/27/2007,17
8/28/2007,24
8/29/2007,28
8/30/2007,18
8/31/2007,13
9/1/2007,16
9/2/2007,30
9/3/2007,25
9/4/2007,23
9/5/2007,19
9/6/2007,15
9/7/2007,23
9/8/2007,22
9/9/2007,25
9/10/2007,24
9/11/2007,21
9/12/2007,18
9/13/2007,16
9/14/2007,22
9/15/2007,22
9/16/2007,20
9/17/2007,36
9/18/2007,23
9/19/2007,17
9/20/2007,23
9/21/2007,22
9/22/2007,16
9/23/2007,28
9/24/2007,20
9/25/2007,23
9/26/2007,32
9/27/2007,27
9/28/2007,28
9/29/2007,33
9/30/2007,23
10/1/2007,15
10/2/2007,17
10/3/2007,17
10/4/2007,10
10/5/2007,14
10/6/2007,26
10/7/2007,28
10/8/2007,17
10/9/2007,19
10/10/2007,25
10/11/2007,16
10/12/2007,21
10/13/2007,22
10/14/2007,19
10/15/2007,20
10/16/2007,15
10/17/2007,29
10/18/2007,25
10/19/2007,22
10/20/2007,25
10/21/2007,22
10/22/2007,11
10/23/2007,20
10/24/2007,23
10/25/2007,20
10/26/2007,28
10/27/2007,20
10/28/2007,20
10/29/2007,16
10/30/2007,13
10/31/2007,24
11/1/2007,17
11/2/2007,21
11/3/2007,14
11/4/2007,17
11/5/2007,22
11/6/2007,18
11/7/2007,15
11/8/2007,18
11/9/2007,20
11/10/2007,21
11/11/2007,19
11/12/2007,14
11/13/2007,19
11/14/2007,17
11/15/2007,18
11/16/2007,23
11/17/2007,24
11/18/2007,29
11/19/2007,18
11/20/2007,17
11/21/2007,13
11/22/2007,22
11/23/2007,14
11/24/2007,15
11/25/2007,25
11/26/2007,9
11/27/2007,13
11/28/2007,11
11/29/2007,17
11/30/2007,24
12/1/2007,13
12/2/2007,16
12/3/2007,10
12/4/2007,14
12/5/2007,16
12/6/2007,25
12/7/2007,19
12/8/2007,26
12/9/2007,20
12/10/2007,15
12/11/2007,22
12/12/2007,17
12/13/2007,13
12/14/2007,17
12/15/2007,29
12/16/2007,0
12/17/2007,14
12/18/2007,11
12/19/2007,17
12/20/2007,24
12/21/2007,13
12/22/2007,13
12/23/2007,13
12/24/2007,16
12/25/2007,5
12/26/2007,12
12/27/2007,18
12/28/2007,18
12/29/2007,14
12/30/2007,18
12/31/2007,15
1/1/2008,19
1/2/2008,20
1/3/2008,22
1/4/2008,18
1/5/2008,12
1/6/2008,14
1/7/2008,17
1/8/2008,11
1/9/2008,14
1/10/2008,14
1/11/2008,16
1/12/2008,20
1/13/2008,12
1/14/2008,15
1/15/2008,14
1/16/2008,18
1/17/2008,13
1/18/2008,19
1/19/2008,20
1/20/2008,18
1/21/2008,18
1/22/2008,13
1/23/2008,12
1/24/2008,14
1/25/2008,18
1/26/2008,21
1/27/2008,12
1/28/2008,21
1/29/2008,23
1/30/2008,17
1/31/2008,24
2/1/2008,18
2/2/2008,22
2/3/2008,14
2/4/2008,13
2/5/2008,11
2/6/2008,9
2/7/2008,17
2/8/2008,16
2/9/2008,21
2/10/2008,9
2/11/2008,13
2/12/2008,19
2/13/2008,16
2/14/2008,11
2/15/2008,18
2/16/2008,22
2/17/2008,13
2/18/2008,16
2/19/2008,6
2/20/2008,12
2/21/2008,16
2/22/2008,22
2/23/2008,15
2/24/2008,22
2/25/2008,27
2/26/2008,11
2/27/2008,27
2/28/2008,20
2/29/2008,19
3/1/2008,24
3/2/2008,17
3/3/2008,12
3/4/2008,20
3/5/2008,15
3/6/2008,16
3/7/2008,15
3/8/2008,23
3/9/2008,17
3/10/2008,18
3/11/2008,22
3/12/2008,15
3/13/2008,13
3/14/2008,19
3/15/2008,13
3/16/2008,18
3/17/2008,20
3/18/2008,10
3/19/2008,15
3/20/2008,17
3/21/2008,21
3/22/2008,19
3/23/2008,18
3/24/2008,15
3/25/2008,18
3/26/2008,17
3/27/2008,16
3/28/2008,18
3/29/2008,19
3/30/2008,18
3/31/2008,9
4/1/2008,19
4/2/2008,11
4/3/2008,24
4/4/2008,15
4/5/2008,17
4/6/2008,20
4/7/2008,16
4/8/2008,17
4/9/2008,26
4/10/2008,15
4/11/2008,15
4/12/2008,20
4/13/2008,23
4/14/2008,20
4/15/2008,20
4/16/2008,22
4/17/2008,19
4/18/2008,21
4/19/2008,23
4/20/2008,17
4/21/2008,12
4/22/2008,20
4/23/2008,11
4/24/2008,25
4/25/2008,24
4/26/2008,17
4/27/2008,14
4/28/2008,13
4/29/2008,15
4/30/2008,7
5/1/2008,19
5/2/2008,17
5/3/2008,26
5/4/2008,19
5/5/2008,9
5/6/2008,8
5/7/2008,14
5/8/2008,18
5/9/2008,15
5/10/2008,10
5/11/2008,18
5/12/2008,13
5/13/2008,13
5/14/2008,18
5/15/2008,17
5/16/2008,18
5/17/2008,13
5/18/2008,23
5/19/2008,20
5/20/2008,20
5/21/2008,19
5/22/2008,20
5/23/2008,19
5/24/2008,16
5/25/2008,11
5/26/2008,19
5/27/2008,14
5/28/2008,18
5/29/2008,14
5/30/2008,16
5/31/2008,16
6/1/2008,13
6/2/2008,15
6/3/2008,11
6/4/2008,13
6/5/2008,8
6/6/2008,16
6/7/2008,10
6/8/2008,11
6/9/2008,17
6/10/2008,16
6/11/2008,17
6/12/2008,15
6/13/2008,21
6/14/2008,19
6/15/2008,12
6/16/2008,15
6/17/2008,10
6/18/2008,14
6/19/2008,12
6/20/2008,23
6/21/2008,16
6/22/2008,16
6/23/2008,17
6/24/2008,9
6/25/2008,10
6/26/2008,9
6/27/2008,19
6/28/2008,15
6/29/2008,15
6/30/2008,13
7/1/2008,14
7/2/2008,17
7/3/2008,14
7/4/2008,14
7/5/2008,16
7/6/2008,13
7/7/2008,11
7/8/2008,7
7/9/2008,19
7/10/2008,15
7/11/2008,21
7/12/2008,13
7/13/2008,13
7/14/2008,8
7/15/2008,11
7/16/2008,11
7/17/2008,16
7/18/2008,30
7/19/2008,17
7/20/2008,25
7/21/2008,15
7/22/2008,14
7/23/2008,12
7/24/2008,19
7/25/2008,20
7/26/2008,14
7/27/2008,15
7/28/2008,13
7/29/2008,13
7/30/2008,8
7/31/2008,12
8/1/2008,0
8/2/2008,13
8/3/2008,13
8/4/2008,10
8/5/2008,9
8/6/2008,18
8/7/2008,19
8/8/2008,18
8/9/2008,12
8/10/2008,22
8/11/2008,11
8/12/2008,19
8/13/2008,15
8/14/2008,15
8/15/2008,21
8/16/2008,20
8/17/2008,12
8/18/2008,12
8/19/2008,13
8/20/2008,23
8/21/2008,24
8/22/2008,19
8/23/2008,16
8/24/2008,23
8/25/2008,14
8/26/2008,24
8/27/2008,25
8/28/2008,16
8/29/2008,24
8/30/2008,13
8/31/2008,17
9/1/2008,23
9/2/2008,21
9/3/2008,22
9/4/2008,22
9/5/2008,26
9/6/2008,21
9/7/2008,19
9/8/2008,11
9/9/2008,14
9/10/2008,23
9/11/2008,18
9/12/2008,21
9/13/2008,15
9/14/2008,22
9/15/2008,19
9/16/2008,23
9/17/2008,14
9/18/2008,16
9/19/2008,23
9/20/2008,23
9/21/2008,16
9/22/2008,19
9/23/2008,18
9/24/2008,16
9/25/2008,15
9/26/2008,22
9/27/2008,18
9/28/2008,20
9/29/2008,23
9/30/2008,16
10/1/2008,13
10/2/2008,18
10/3/2008,29
10/4/2008,22
10/5/2008,15
10/6/2008,13
10/7/2008,19
10/8/2008,23
10/9/2008,13
10/10/2008,20
10/11/2008,32
10/12/2008,23
10/13/2008,21
10/14/2008,15
10/15/2008,23
10/16/2008,12
10/17/2008,15
10/18/2008,11
10/19/2008,14
10/20/2008,13
10/21/2008,23
10/22/2008,17
10/23/2008,18
10/24/2008,22
10/25/2008,27
10/26/2008,17
10/27/2008,15
10/28/2008,15
10/29/2008,13
10/30/2008,24
10/31/2008,21
11/1/2008,15
11/2/2008,18
11/3/2008,12
11/4/2008,20
11/5/2008,14
11/6/2008,14
11/7/2008,16
11/8/2008,15
11/9/2008,19
11/10/2008,18
11/11/2008,22
11/12/2008,10
11/13/2008,15
11/14/2008,21
11/15/2008,21
11/16/2008,12
11/17/2008,10
11/18/2008,11
11/19/2008,12
11/20/2008,13
11/21/2008,25
11/22/2008,15
11/23/2008,18
11/24/2008,7
11/25/2008,7
11/26/2008,15
11/27/2008,15
11/28/2008,18
11/29/2008,8
11/30/2008,8
12/1/2008,25
12/2/2008,12
12/3/2008,12
12/4/2008,16
12/5/2008,14
12/6/2008,17
12/7/2008,21
12/8/2008,17
12/9/2008,18
12/10/2008,12
12/11/2008,23
12/12/2008,23
12/13/2008,18
12/14/2008,14
12/15/2008,10
12/16/2008,15
12/17/2008,14
12/18/2008,12
12/19/2008,30
12/20/2008,21
12/21/2008,10
12/22/2008,16
12/23/2008,11
12/24/2008,14
12/25/2008,14
12/26/2008,8
12/27/2008,12
12/28/2008,20
12/29/2008,8
12/30/2008,3
12/31/2008,28
1/1/2009,14
1/2/2009,14
1/3/2009,13
1/4/2009,15
1/5/2009,16
1/6/2009,23
1/7/2009,13
1/8/2009,15
1/9/2009,24
1/10/2009,26
1/11/2009,21
1/12/2009,16
1/13/2009,20
1/14/2009,12
1/15/2009,22
1/16/2009,18
1/17/2009,13
1/18/2009,13
1/19/2009,19
1/20/2009,17
1/21/2009,19
1/22/2009,19
1/23/2009,23
1/24/2009,22
1/25/2009,15
1/26/2009,19
1/27/2009,14
1/28/2009,19
1/29/2009,11
1/30/2009,22
1/31/2009,18
2/1/2009,12
2/2/2009,11
2/3/2009,18
2/4/2009,12
2/5/2009,13
2/6/2009,22
2/7/2009,22
2/8/2009,9
2/9/2009,11
2/10/2009,12
2/11/2009,9
2/12/2009,12
2/13/2009,21
2/14/2009,12
2/15/2009,12
2/16/2009,17
2/17/2009,16
2/18/2009,23
2/19/2009,9
2/20/2009,17
2/21/2009,14
2/22/2009,19
2/23/2009,7
2/24/2009,15
2/25/2009,14
2/26/2009,15
2/27/2009,18
2/28/2009,11
3/1/2009,9
3/2/2009,14
3/3/2009,9
3/4/2009,15
3/5/2009,9
3/6/2009,18
3/7/2009,13
3/8/2009,19
3/9/2009,4
3/10/2009,6
3/11/2009,14
3/12/2009,12
3/13/2009,16
3/14/2009,10
3/15/2009,14
3/16/2009,14
3/17/2009,17
3/18/2009,20
3/19/2009,12
3/20/2009,18
3/21/2009,29
3/22/2009,17
3/23/2009,9
3/24/2009,18
3/25/2009,17
3/26/2009,15
3/27/2009,24
3/28/2009,20
3/29/2009,17
3/30/2009,17
3/31/2009,13
4/1/2009,17
4/2/2009,14
4/3/2009,10
4/4/2009,11
4/5/2009,10
4/6/2009,10
4/7/2009,18
4/8/2009,18
4/9/2009,16
4/10/2009,15
4/11/2009,14
4/12/2009,11
4/13/2009,12
4/14/2009,17
4/15/2009,12
4/16/2009,15
4/17/2009,13
4/18/2009,18
4/19/2009,14
4/20/2009,18
4/21/2009,10
4/22/2009,5
4/23/2009,16
4/24/2009,12
4/25/2009,10
4/26/2009,14
4/27/2009,9
4/28/2009,11
4/29/2009,12
4/30/2009,13
5/1/2009,9
5/2/2009,16
5/3/2009,14
5/4/2009,11
5/5/2009,9
5/6/2009,13
5/7/2009,11
5/8/2009,18
5/9/2009,12
5/10/2009,13
5/11/2009,11
5/12/2009,10
5/13/2009,8
5/14/2009,14
5/15/2009,12
5/16/2009,12
5/17/2009,20
5/18/2009,18
5/19/2009,14
5/20/2009,7
5/21/2009,8
5/22/2009,12
5/23/2009,14
5/24/2009,19
5/25/2009,15
5/26/2009,19
5/27/2009,14
5/28/2009,11
5/29/2009,13
5/30/2009,15
5/31/2009,10
6/1/2009,5
6/2/2009,14
6/3/2009,19
6/4/2009,9
6/5/2009,16
6/6/2009,23
6/7/2009,27
6/8/2009,13
6/9/2009,13
6/10/2009,0
6/11/2009,16
6/12/2009,12
6/13/2009,11
6/14/2009,10
6/15/2009,12
6/16/2009,16
6/17/2009,15
6/18/2009,8
6/19/2009,17
6/20/2009,12
6/21/2009,6
6/22/2009,12
6/23/2009,7
6/24/2009,12
6/25/2009,16
6/26/2009,12
6/27/2009,20
6/28/2009,12
6/29/2009,10
6/30/2009,18
7/1/2009,9
7/2/2009,12
7/3/2009,17
7/4/2009,10
7/5/2009,9
7/6/2009,18
7/7/2009,11
7/8/2009,13
7/9/2009,15
7/10/2009,13
7/11/2009,17
7/12/2009,10
7/13/2009,12
7/14/2009,17
7/15/2009,13
7/16/2009,12
7/17/2009,21
7/18/2009,13
7/19/2009,11
7/20/2009,10
7/21/2009,16
7/22/2009,15
7/23/2009,15
7/24/2009,19
7/25/2009,15
7/26/2009,17
7/27/2009,15
7/28/2009,11
7/29/2009,19
7/30/2009,18
7/31/2009,15
8/1/2009,28
8/2/2009,10
8/3/2009,11
8/4/2009,14
8/5/2009,11
8/6/2009,20
8/7/2009,17
8/8/2009,18
8/9/2009,20
8/10/2009,17
8/11/2009,6
8/12/2009,22
8/13/2009,20
8/14/2009,16
8/15/2009,18
8/16/2009,11
8/17/2009,16
8/18/2009,24
8/19/2009,10
8/20/2009,20
8/21/2009,19
8/22/2009,10
8/23/2009,15
8/24/2009,17
8/25/2009,17
8/26/2009,11
8/27/2009,15
8/28/2009,19
8/29/2009,15
8/30/2009,10
8/31/2009,12
9/1/2009,6
9/2/2009,9
9/3/2009,14
9/4/2009,9
9/5/2009,21
9/6/2009,8
9/7/2009,11
9/8/2009,12
9/9/2009,15
9/10/2009,7
9/11/2009,16
9/12/2009,18
9/13/2009,20
9/14/2009,17
9/15/2009,12
9/16/2009,20
9/17/2009,13
9/18/2009,16
9/19/2009,20
9/20/2009,27
9/21/2009,14
9/22/2009,16
9/23/2009,21
9/24/2009,8
9/25/2009,14
9/26/2009,15
9/27/2009,15
9/28/2009,16
9/29/2009,11
9/30/2009,12
10/1/2009,9
10/2/2009,17
10/3/2009,16
10/4/2009,16
10/5/2009,13
10/6/2009,12
10/7/2009,13
10/8/2009,10
10/9/2009,19
10/10/2009,12
10/11/2009,15
10/12/2009,15
10/13/2009,6
10/14/2009,11
10/15/2009,11
10/16/2009,12
10/17/2009,18
10/18/2009,12
10/19/2009,9
10/20/2009,11
10/21/2009,10
10/22/2009,8
10/23/2009,18
10/24/2009,21
10/25/2009,12
10/26/2009,15
10/27/2009,13
10/28/2009,11
10/29/2009,22
10/30/2009,14
10/31/2009,15
11/1/2009,10
11/2/2009,16
11/3/2009,16
11/4/2009,23
11/5/2009,15
11/6/2009,18
11/7/2009,29
11/8/2009,15
11/9/2009,7
11/10/2009,8
11/11/2009,11
11/12/2009,15
11/13/2009,12
11/14/2009,18
11/15/2009,12
11/16/2009,14
11/17/2009,6
11/18/2009,20
11/19/2009,11
11/20/2009,20
11/21/2009,15
11/22/2009,22
11/23/2009,16
11/24/2009,10
11/25/2009,17
11/26/2009,14
11/27/2009,8
11/28/2009,9
11/29/2009,17
11/30/2009,12
12/1/2009,9
12/2/2009,12
12/3/2009,15
12/4/2009,22
12/5/2009,13
12/6/2009,16
12/7/2009,13
12/8/2009,9
12/9/2009,13
12/10/2009,14
12/11/2009,14
12/12/2009,13
12/13/2009,8
12/14/2009,10
12/15/2009,9
12/16/2009,6
12/17/2009,16
12/18/2009,12
12/19/2009,15
12/20/2009,12
12/21/2009,13
12/22/2009,13
12/23/2009,16
12/24/2009,11
12/25/2009,13
12/26/2009,9
12/27/2009,10
12/28/2009,10
12/29/2009,11
12/30/2009,8
12/31/2009,9
1/1/2010,10
1/2/2010,11
1/3/2010,12
1/4/2010,13
1/5/2010,6
1/6/2010,13
1/7/2010,12
1/8/2010,17
1/9/2010,6
1/10/2010,8
1/11/2010,10
1/12/2010,9
1/13/2010,14
1/14/2010,11
1/15/2010,11
1/16/2010,15
1/17/2010,10
1/18/2010,6
1/19/2010,10
1/20/2010,12
1/21/2010,14
1/22/2010,12
1/23/2010,19
1/24/2010,16
1/25/2010,12
1/26/2010,13
1/27/2010,15
1/28/2010,14
1/29/2010,10
1/30/2010,14
1/31/2010,11
2/1/2010,8
2/2/2010,9
2/3/2010,17
2/4/2010,11
2/5/2010,21
2/6/2010,19
2/7/2010,11
2/8/2010,15
2/9/2010,13
2/10/2010,12
2/11/2010,13
2/12/2010,15
2/13/2010,16
2/14/2010,8
2/15/2010,16
2/16/2010,9
2/17/2010,6
2/18/2010,15
2/19/2010,12
2/20/2010,15
2/21/2010,16
2/22/2010,12
2/23/2010,10
2/24/2010,11
2/25/2010,27
2/26/2010,12
2/27/2010,6
2/28/2010,8
3/1/2010,8
3/2/2010,12
3/3/2010,10
3/4/2010,7
3/5/2010,13
3/6/2010,10
3/7/2010,10
3/8/2010,16
3/9/2010,7
3/10/2010,10
3/11/2010,9
3/12/2010,18
3/13/2010,11
3/14/2010,16
3/15/2010,12
3/16/2010,12
3/17/2010,11
3/18/2010,13
3/19/2010,9
3/20/2010,9
3/21/2010,9
3/22/2010,15
3/23/2010,15
3/24/2010,10
3/25/2010,17
3/26/2010,8
3/27/2010,12
3/28/2010,9
3/29/2010,14
3/30/2010,8
3/31/2010,12
4/1/2010,12
4/2/2010,13
4/3/2010,16
4/4/2010,7
4/5/2010,9
4/6/2010,8
4/7/2010,11
4/8/2010,15
4/9/2010,17
4/10/2010,13
4/11/2010,11
4/12/2010,12
4/13/2010,12
4/14/2010,12
4/15/2010,11
4/16/2010,6
4/17/2010,10
4/18/2010,9
4/19/2010,13
4/20/2010,9
4/21/2010,10
4/22/2010,11
4/23/2010,10
4/24/2010,12
4/25/2010,5
4/26/2010,8
4/27/2010,12
4/28/2010,10
4/29/2010,12
4/30/2010,10
5/1/2010,8
5/2/2010,6
5/3/2010,7
5/4/2010,11
5/5/2010,6
5/6/2010,6
5/7/2010,13
5/8/2010,14
5/9/2010,8
5/10/2010,2
5/11/2010,10
5/12/2010,7
5/13/2010,6
5/14/2010,9
5/15/2010,10
5/16/2010,11
5/17/2010,8
5/18/2010,5
5/19/2010,13
5/20/2010,9
5/21/2010,10
5/22/2010,11
5/23/2010,4
5/24/2010,9
5/25/2010,8
5/26/2010,8
5/27/2010,11
5/28/2010,12
5/29/2010,10
5/30/2010,10
5/31/2010,9
6/1/2010,14
6/2/2010,17
6/3/2010,11
6/4/2010,10
6/5/2010,19
6/6/2010,11
6/7/2010,3
6/8/2010,12
6/9/2010,8
6/10/2010,11
6/11/2010,11
6/12/2010,12
6/13/2010,13
6/14/2010,6
6/15/2010,10
6/16/2010,10
6/17/2010,9
6/18/2010,15
6/19/2010,17
6/20/2010,12
6/21/2010,8
6/22/2010,15
6/23/2010,8
6/24/2010,9
6/25/2010,13
6/26/2010,19
6/27/2010,17
6/28/2010,17
6/29/2010,17
6/30/2010,12
7/1/2010,12
7/2/2010,23
7/3/2010,18
7/4/2010,17
7/5/2010,14
7/6/2010,9
7/7/2010,10
7/8/2010,10
7/9/2010,17
7/10/2010,16
7/11/2010,8
7/12/2010,5
7/13/2010,10
7/14/2010,11
7/15/2010,11
7/16/2010,10
7/17/2010,15
7/18/2010,15
7/19/2010,12
7/20/2010,6
7/21/2010,18
7/22/2010,20
7/23/2010,14
7/24/2010,7
7/25/2010,17
7/26/2010,8
7/27/2010,10
7/28/2010,12
7/29/2010,8
7/30/2010,15
7/31/2010,10
8/1/2010,16
8/2/2010,15
8/3/2010,20
8/4/2010,10
8/5/2010,12
8/6/2010,17
8/7/2010,10
8/8/2010,17
8/9/2010,17
8/10/2010,10
8/11/2010,9
8/12/2010,7
8/13/2010,17
8/14/2010,11
8/15/2010,11
8/16/2010,11
8/17/2010,11
8/18/2010,9
8/19/2010,16
8/20/2010,15
8/21/2010,8
8/22/2010,8
8/23/2010,8
8/24/2010,13
8/25/2010,12
8/26/2010,14
8/27/2010,19
8/28/2010,6
8/29/2010,10
8/30/2010,7
8/31/2010,15
9/1/2010,8
9/2/2010,13
9/3/2010,16
9/4/2010,19
9/5/2010,10
9/6/2010,13
9/7/2010,19
9/8/2010,12
9/9/2010,15
9/10/2010,13
9/11/2010,15
9/12/2010,19
9/13/2010,10
9/14/2010,12
9/15/2010,7
9/16/2010,9
9/17/2010,13
9/18/2010,24
9/19/2010,14
9/20/2010,9
9/21/2010,23
9/22/2010,23
9/23/2010,9
9/24/2010,10
9/25/2010,14
9/26/2010,8
9/27/2010,8
9/28/2010,9
9/29/2010,11
9/30/2010,18
10/1/2010,24
10/2/2010,14
10/3/2010,9
10/4/2010,13
10/5/2010,6
10/6/2010,8
10/7/2010,11
10/8/2010,18
10/9/2010,13
10/10/2010,13
10/11/2010,5
10/12/2010,11
10/13/2010,8
10/14/2010,7
10/15/2010,8
10/16/2010,15
10/17/2010,7
10/18/2010,6
10/19/2010,15
10/20/2010,13
10/21/2010,20
10/22/2010,7
10/23/2010,14
10/24/2010,13
10/25/2010,11
10/26/2010,5
10/27/2010,21
10/28/2010,9
10/29/2010,15
10/30/2010,12
10/31/2010,8
11/1/2010,11
11/2/2010,13
11/3/2010,19
11/4/2010,12
11/5/2010,10
11/6/2010,17
11/7/2010,19
11/8/2010,9
11/9/2010,4
11/10/2010,11
11/11/2010,16
11/12/2010,11
11/13/2010,11
11/14/2010,13
11/15/2010,13
11/16/2010,13
11/17/2010,12
11/18/2010,12
11/19/2010,22
11/20/2010,14
11/21/2010,8
11/22/2010,15
11/23/2010,19
11/24/2010,14
11/25/2010,11
11/26/2010,16
11/27/2010,15
11/28/2010,13
11/29/2010,14
11/30/2010,11
12/1/2010,15
12/2/2010,6
12/3/2010,11
12/4/2010,14
12/5/2010,18
12/6/2010,13
12/7/2010,19
12/8/2010,16
12/9/2010,13
12/10/2010,15
12/11/2010,18
12/12/2010,6
12/13/2010,10
12/14/2010,3
12/15/2010,18
12/16/2010,13
12/17/2010,14
12/18/2010,15
12/19/2010,13
12/20/2010,10
12/21/2010,15
12/22/2010,13
12/23/2010,9
12/24/2010,12
12/25/2010,9
12/26/2010,5
12/27/2010,10
12/28/2010,11
12/29/2010,7
12/30/2010,8
12/31/2010,14
1/1/2011,10
1/2/2011,2
1/3/2011,12
1/4/2011,12
1/5/2011,13
1/6/2011,15
1/7/2011,7
1/8/2011,16
1/9/2011,13
1/10/2011,13
1/11/2011,10
1/12/2011,3
1/13/2011,10
1/14/2011,20
1/15/2011,11
1/16/2011,7
1/17/2011,13
1/18/2011,7
1/19/2011,14
1/20/2011,8
1/21/2011,16
1/22/2011,10
1/23/2011,12
1/24/2011,16
1/25/2011,11
1/26/2011,8
1/27/2011,8
1/28/2011,10
1/29/2011,9
1/30/2011,13
1/31/2011,10
2/1/2011,11
2/2/2011,7
2/3/2011,10
2/4/2011,15
2/5/2011,16
2/6/2011,14
2/7/2011,10
2/8/2011,10
2/9/2011,2
2/10/2011,9
2/11/2011,14
2/12/2011,15
2/13/2011,11
2/14/2011,9
2/15/2011,6
2/16/2011,16
2/17/2011,15
2/18/2011,10
2/19/2011,15
2/20/2011,7
2/21/2011,9
2/22/2011,7
2/23/2011,11
2/24/2011,11
2/25/2011,8
2/26/2011,17
2/27/2011,12
2/28/2011,15
3/1/2011,11
3/2/2011,20
3/3/2011,14
3/4/2011,13
3/5/2011,14
3/6/2011,8
3/7/2011,10
3/8/2011,9
3/9/2011,13
3/10/2011,12
3/11/2011,15
3/12/2011,17
3/13/2011,9
3/14/2011,10
3/15/2011,15
3/16/2011,18
3/17/2011,14
3/18/2011,17
3/19/2011,18
3/20/2011,14
3/21/2011,19
3/22/2011,23
3/23/2011,9
3/24/2011,24
3/25/2011,29
3/26/2011,23
3/27/2011,19
3/28/2011,17
3/29/2011,13
3/30/2011,6
3/31/2011,12
4/1/2011,17
4/2/2011,22
4/3/2011,11
4/4/2011,11
4/5/2011,8
4/6/2011,12
4/7/2011,17
4/8/2011,15
4/9/2011,19
4/10/2011,17
4/11/2011,13
4/12/2011,8
4/13/2011,5
4/14/2011,10
4/15/2011,10
4/16/2011,15
4/17/2011,9
4/18/2011,11
4/19/2011,8
4/20/2011,12
4/21/2011,11
4/22/2011,9
4/23/2011,10
4/24/2011,13
4/25/2011,11
4/26/2011,9
4/27/2011,12
4/28/2011,9
4/29/2011,14
4/30/2011,11
5/1/2011,11
5/2/2011,7
5/3/2011,1
5/4/2011,11
5/5/2011,12
5/6/2011,17
5/7/2011,7
5/8/2011,11
5/9/2011,9
5/10/2011,11
5/11/2011,18
5/12/2011,11
5/13/2011,10
5/14/2011,11
5/15/2011,16
5/16/2011,15
5/17/2011,9
5/18/2011,11
5/19/2011,14
5/20/2011,17
5/21/2011,13
5/22/2011,13
5/23/2011,11
5/24/2011,17
5/25/2011,10
5/26/2011,10
5/27/2011,16
5/28/2011,17
5/29/2011,15
5/30/2011,6
5/31/2011,18
6/1/2011,6
6/2/2011,11
6/3/2011,11
6/4/2011,16
6/5/2011,15
6/6/2011,15
6/7/2011,8
6/8/2011,7
6/9/2011,11
6/10/2011,10
6/11/2011,9
6/12/2011,10
6/13/2011,9
6/14/2011,13
6/15/2011,12
6/16/2011,14
6/17/2011,14
6/18/2011,14
6/19/2011,9
6/20/2011,10
6/21/2011,4
6/22/2011,13
6/23/2011,14
6/24/2011,14
6/25/2011,13
6/26/2011,16
6/27/2011,10
6/28/2011,12
6/29/2011,13
6/30/2011,17
7/1/2011,15
7/2/2011,8
7/3/2011,7
7/4/2011,9
7/5/2011,8
7/6/2011,5
7/7/2011,8
7/8/2011,10
7/9/2011,7
7/10/2011,7
7/11/2011,6
7/12/2011,7
7/13/2011,9
7/14/2011,9
7/15/2011,11
7/16/2011,6
7/17/2011,10
7/18/2011,10
7/19/2011,7
7/20/2011,7
7/21/2011,9
7/22/2011,15
7/23/2011,12
7/24/2011,8
7/25/2011,9
7/26/2011,13
7/27/2011,7
7/28/2011,10
7/29/2011,11
7/30/2011,9
7/31/2011,5
8/1/2011,5
8/2/2011,9
8/3/2011,8
8/4/2011,10
8/5/2011,9
8/6/2011,9
8/7/2011,11
8/8/2011,7
8/9/2011,11
8/10/2011,11
8/11/2011,6
8/12/2011,16
8/13/2011,15
8/14/2011,9
8/15/2011,15
8/16/2011,14
8/17/2011,8
8/18/2011,11
8/19/2011,14
8/20/2011,16
8/21/2011,13
8/22/2011,15
8/23/2011,19
8/24/2011,11
8/25/2011,15
8/26/2011,10
8/27/2011,13
8/28/2011,16
8/29/2011,8
8/30/2011,16
8/31/2011,20
9/1/2011,14
9/2/2011,14
9/3/2011,10
9/4/2011,14
9/5/2011,7
9/6/2011,13
9/7/2011,9
9/8/2011,13
9/9/2011,15
9/10/2011,16
9/11/2011,17
9/12/2011,10
9/13/2011,11
9/14/2011,9
9/15/2011,12
9/16/2011,13
9/17/2011,16
9/18/2011,19
9/19/2011,11
9/20/2011,10
9/21/2011,10
9/22/2011,19
9/23/2011,23
9/24/2011,20
9/25/2011,17
9/26/2011,29
9/27/2011,22
9/28/2011,22
9/29/2011,16
9/30/2011,23
10/1/2011,18
10/2/2011,15
10/3/2011,15
10/4/2011,9
10/5/2011,13
10/6/2011,16
10/7/2011,27
10/8/2011,17
10/9/2011,16
10/10/2011,21
10/11/2011,11
10/12/2011,16
10/13/2011,17
10/14/2011,17
10/15/2011,22
10/16/2011,9
10/17/2011,18
10/18/2011,19
10/19/2011,13
10/20/2011,21
10/21/2011,20
10/22/2011,8
10/23/2011,12
10/24/2011,17
10/25/2011,21
10/26/2011,12
10/27/2011,19
10/28/2011,28
10/29/2011,23
10/30/2011,11
10/31/2011,12
11/1/2011,11
11/2/2011,5
11/3/2011,17
11/4/2011,29
11/5/2011,18
11/6/2011,16
11/7/2011,7
11/8/2011,9
11/9/2011,16
11/10/2011,18
11/11/2011,14
11/12/2011,23
11/13/2011,15
11/14/2011,12
11/15/2011,15
11/16/2011,14
11/17/2011,18
11/18/2011,14
11/19/2011,23
11/20/2011,10
11/21/2011,16
11/22/2011,18
11/23/2011,12
11/24/2011,6
11/25/2011,18
11/26/2011,25
11/27/2011,13
11/28/2011,14
11/29/2011,8
11/30/2011,17
12/1/2011,17
12/2/2011,22
12/3/2011,25
12/4/2011,12
12/5/2011,14
12/6/2011,9
12/7/2011,12
12/8/2011,11
12/9/2011,19
12/10/2011,18
12/11/2011,20
12/12/2011,16
12/13/2011,16
12/14/2011,13
12/15/2011,15
12/16/2011,25
12/17/2011,17
12/18/2011,13
12/19/2011,24
12/20/2011,20
12/21/2011,17
12/22/2011,25
12/23/2011,16
12/24/2011,17
12/25/2011,9
12/26/2011,15
12/27/2011,9
12/28/2011,12
12/29/2011,11
12/30/2011,12
12/31/2011,19
1/1/2012,11
1/2/2012,19
1/3/2012,18
1/4/2012,16
1/5/2012,13
1/6/2012,17
1/7/2012,7
1/8/2012,12
1/9/2012,11
1/10/2012,22
1/11/2012,13
1/12/2012,8
1/13/2012,16
1/14/2012,16
1/15/2012,13
1/16/2012,9
1/17/2012,12
1/18/2012,17
1/19/2012,13
1/20/2012,10
1/21/2012,17
1/22/2012,15
1/23/2012,12
1/24/2012,12
1/25/2012,12
1/26/2012,13
1/27/2012,13
1/28/2012,17
1/29/2012,16
1/30/2012,10
1/31/2012,18
2/1/2012,13
2/2/2012,11
2/3/2012,15
2/4/2012,15
2/5/2012,20
2/6/2012,16
2/7/2012,11
2/8/2012,13
2/9/2012,14
2/10/2012,23
2/11/2012,11
2/12/2012,19
2/13/2012,13
2/14/2012,15
2/15/2012,16
2/16/2012,13
2/17/2012,18
2/18/2012,11
2/19/2012,18
2/20/2012,17
2/21/2012,24
2/22/2012,20
2/23/2012,7
2/24/2012,29
2/25/2012,17
2/26/2012,16
2/27/2012,23
2/28/2012,18
2/29/2012,18
3/1/2012,20
3/2/2012,10
3/3/2012,22
3/4/2012,18
3/5/2012,10
3/6/2012,18
3/7/2012,13
3/8/2012,16
3/9/2012,17
3/10/2012,9
3/11/2012,13
3/12/2012,16
3/13/2012,13
3/14/2012,13
3/15/2012,14
3/16/2012,22
3/17/2012,8
3/18/2012,8
3/19/2012,12
3/20/2012,13
3/21/2012,13
3/22/2012,11
3/23/2012,25
3/24/2012,17
3/25/2012,16
3/26/2012,13
3/27/2012,11
3/28/2012,13
3/29/2012,11
3/30/2012,17
3/31/2012,19
4/1/2012,17
4/2/2012,18
4/3/2012,22
4/4/2012,9
4/5/2012,21
4/6/2012,21
4/7/2012,19
4/8/2012,15
4/9/2012,15
4/10/2012,18
4/11/2012,18
4/12/2012,15
4/13/2012,22
4/14/2012,11
4/15/2012,15
4/16/2012,18
4/17/2012,6
4/18/2012,12
4/19/2012,17
4/20/2012,23
4/21/2012,22
4/22/2012,15
4/23/2012,13
4/24/2012,11
4/25/2012,8
4/26/2012,13
4/27/2012,20
4/28/2012,6
4/29/2012,15
4/30/2012,18
5/1/2012,18
5/2/2012,14
5/3/2012,16
5/4/2012,21
5/5/2012,11
5/6/2012,16
5/7/2012,11
5/8/2012,14
5/9/2012,16
5/10/2012,18
5/11/2012,14
5/12/2012,25
5/13/2012,14
5/14/2012,10
5/15/2012,11
5/16/2012,11
5/17/2012,6
5/18/2012,14
5/19/2012,11
5/20/2012,18
5/21/2012,14
5/22/2012,12
5/23/2012,16
5/24/2012,20
5/25/2012,24
5/26/2012,23
5/27/2012,14
5/28/2012,11
5/29/2012,17
5/30/2012,6
5/31/2012,9
6/1/2012,17
6/2/2012,28
6/3/2012,19
6/4/2012,29
6/5/2012,11
6/6/2012,6
6/7/2012,11
6/8/2012,10
6/9/2012,17
6/10/2012,11
6/11/2012,18
6/12/2012,13
6/13/2012,19
6/14/2012,12
6/15/2012,20
6/16/2012,12
6/17/2012,19
6/18/2012,15
6/19/2012,16
6/20/2012,14
6/21/2012,15
6/22/2012,25
6/23/2012,21
6/24/2012,18
6/25/2012,9
6/26/2012,24
6/27/2012,12
6/28/2012,20
6/29/2012,20
6/30/2012,16
7/1/2012,18
7/2/2012,24
7/3/2012,19
7/4/2012,20
7/5/2012,25
7/6/2012,30
7/7/2012,18
7/8/2012,19
7/9/2012,7
7/10/2012,14
7/11/2012,15
7/12/2012,22
7/13/2012,24
7/14/2012,24
7/15/2012,14
7/16/2012,15
7/17/2012,22
7/18/2012,12
7/19/2012,14
7/20/2012,26
7/21/2012,18
7/22/2012,17
7/23/2012,20
7/24/2012,24
7/25/2012,19
7/26/2012,14
7/27/2012,25
7/28/2012,20
7/29/2012,22
7/30/2012,17
7/31/2012,22
8/1/2012,25
8/2/2012,16
8/3/2012,15
8/4/2012,20
8/5/2012,24
8/6/2012,16
8/7/2012,13
8/8/2012,16
8/9/2012,22
8/10/2012,20
8/11/2012,16
8/12/2012,27
8/13/2012,18
8/14/2012,17
8/15/2012,18
8/16/2012,18
8/17/2012,18
8/18/2012,18
8/19/2012,18
8/20/2012,14
8/21/2012,12
8/22/2012,17
8/23/2012,21
8/24/2012,27
8/25/2012,19
8/26/2012,18
8/27/2012,14
8/28/2012,23
8/29/2012,16
8/30/2012,18
8/31/2012,19
9/1/2012,22
9/2/2012,20
9/3/2012,18
9/4/2012,22
9/5/2012,18
9/6/2012,18
9/7/2012,15
9/8/2012,19
9/9/2012,18
9/10/2012,31
9/11/2012,14
9/12/2012,11
9/13/2012,16
9/14/2012,19
9/15/2012,21
9/16/2012,21
9/17/2012,18
9/18/2012,10
9/19/2012,15
9/20/2012,22
9/21/2012,23
9/22/2012,25
9/23/2012,17
9/24/2012,15
9/25/2012,16
9/26/2012,13
9/27/2012,17
9/28/2012,21
9/29/2012,18
9/30/2012,15
10/1/2012,14
10/2/2012,13
10/3/2012,8
10/4/2012,13
10/5/2012,14
10/6/2012,21
10/7/2012,28
10/8/2012,17
10/9/2012,14
10/10/2012,15
10/11/2012,12
10/12/2012,15
10/13/2012,11
10/14/2012,17
10/15/2012,24
10/16/2012,25
10/17/2012,13
10/18/2012,22
10/19/2012,25
10/20/2012,20
10/21/2012,18
10/22/2012,29
10/23/2012,18
10/24/2012,17
10/25/2012,13
10/26/2012,22
10/27/2012,19
10/28/2012,23
10/29/2012,13
10/30/2012,19
10/31/2012,19
11/1/2012,12
11/2/2012,26
11/3/2012,20
11/4/2012,21
11/5/2012,14
11/6/2012,23
11/7/2012,20
11/8/2012,21
11/9/2012,13
11/10/2012,21
11/11/2012,12
11/12/2012,18
11/13/2012,12
11/14/2012,21
11/15/2012,22
11/16/2012,33
11/17/2012,19
11/18/2012,15
11/19/2012,22
11/20/2012,30
11/21/2012,25
11/22/2012,13
11/23/2012,19
11/24/2012,14
11/25/2012,14
11/26/2012,21
11/27/2012,15
11/28/2012,18
11/29/2012,25
11/30/2012,21
12/1/2012,15
12/2/2012,16
12/3/2012,16
12/4/2012,21
12/5/2012,15
12/6/2012,18
12/7/2012,14
12/8/2012,18
12/9/2012,16
12/10/2012,13
12/11/2012,13
12/12/2012,18
12/13/2012,24
12/14/2012,19
12/15/2012,30
12/16/2012,17
12/17/2012,18
12/18/2012,22
12/19/2012,10
12/20/2012,17
12/21/2012,27
12/22/2012,20
12/23/2012,10
12/24/2012,14
12/25/2012,13
12/26/2012,18
12/27/2012,10
12/28/2012,28
12/29/2012,20
12/30/2012,23
12/31/2012,20
1/1/2013,20
1/2/2013,15
1/3/2013,17
1/4/2013,15
1/5/2013,17
1/6/2013,13
1/7/2013,28
1/8/2013,14
1/9/2013,18
1/10/2013,21
1/11/2013,16
1/12/2013,19
1/13/2013,12
1/14/2013,17
1/15/2013,14
1/16/2013,15
1/17/2013,30
1/18/2013,24
1/19/2013,13
1/20/2013,20
1/21/2013,7
1/22/2013,10
1/23/2013,12
1/24/2013,15
1/25/2013,23
1/26/2013,20
1/27/2013,16
1/28/2013,18
1/29/2013,15
1/30/2013,15
1/31/2013,14
2/1/2013,23
2/2/2013,12
2/3/2013,28
2/4/2013,8
2/5/2013,18
2/6/2013,14
2/7/2013,16
2/8/2013,15
2/9/2013,14
2/10/2013,16
2/11/2013,16
2/12/2013,20
2/13/2013,17
2/14/2013,10
2/15/2013,15
2/16/2013,19
2/17/2013,19
2/18/2013,12
2/19/2013,22
2/20/2013,25
2/21/2013,11
2/22/2013,20
2/23/2013,24
2/24/2013,16
2/25/2013,16
2/26/2013,15
2/27/2013,13
2/28/2013,16
3/1/2013,15
3/2/2013,12
3/3/2013,11
3/4/2013,19
3/5/2013,9
3/6/2013,17
3/7/2013,20
3/8/2013,13
3/9/2013,11
3/10/2013,7
3/11/2013,7
3/12/2013,9
3/13/2013,13
3/14/2013,13
3/15/2013,13
3/16/2013,14
3/17/2013,14
3/18/2013,19
3/19/2013,12
3/20/2013,15
3/21/2013,13
3/22/2013,16
3/23/2013,19
3/24/2013,22
3/25/2013,19
3/26/2013,12
3/27/2013,11
3/28/2013,25
3/29/2013,22
3/30/2013,16
3/31/2013,17
4/1/2013,20
4/2/2013,10
4/3/2013,14
4/4/2013,11
4/5/2013,21
4/6/2013,19
4/7/2013,15
4/8/2013,12
4/9/2013,9
4/10/2013,15
4/11/2013,18
4/12/2013,12
4/13/2013,20
4/14/2013,15
4/15/2013,13
4/16/2013,9
4/17/2013,9
4/18/2013,13
4/19/2013,24
4/20/2013,23
4/21/2013,11
4/22/2013,15
4/23/2013,12
4/24/2013,8
4/25/2013,20
4/26/2013,18
4/27/2013,11
4/28/2013,19
4/29/2013,17
4/30/2013,7
5/1/2013,8
5/2/2013,15
5/3/2013,15
5/4/2013,11
5/5/2013,22
5/6/2013,10
5/7/2013,21
5/8/2013,9
5/9/2013,27
5/10/2013,16
5/11/2013,16
5/12/2013,22
5/13/2013,18
5/14/2013,9
5/15/2013,18
5/16/2013,12
5/17/2013,19
5/18/2013,15
5/19/2013,17
5/20/2013,21
5/21/2013,15
5/22/2013,15
5/23/2013,16
5/24/2013,22
5/25/2013,16
5/26/2013,11
5/27/2013,16
5/28/2013,15
5/29/2013,15
5/30/2013,15
5/31/2013,26
6/1/2013,26
6/2/2013,22
6/3/2013,24
6/4/2013,20
6/5/2013,14
6/6/2013,18
6/7/2013,25
6/8/2013,20
6/9/2013,15
6/10/2013,25
6/11/2013,16
6/12/2013,16
6/13/2013,15
6/14/2013,17
6/15/2013,19
6/16/2013,8
6/17/2013,14
6/18/2013,19
6/19/2013,22
6/20/2013,7
6/21/2013,20
6/22/2013,16
6/23/2013,24
6/24/2013,13
6/25/2013,9
6/26/2013,12
6/27/2013,16
6/28/2013,14
6/29/2013,12
6/30/2013,17
7/1/2013,12
7/2/2013,13
7/3/2013,17
7/4/2013,11
7/5/2013,13
7/6/2013,10
7/7/2013,18
7/8/2013,12
7/9/2013,18
7/10/2013,13
7/11/2013,20
7/12/2013,15
7/13/2013,10
7/14/2013,20
7/15/2013,14
7/16/2013,16
7/17/2013,12
7/18/2013,14
7/19/2013,19
7/20/2013,13
7/21/2013,7
7/22/2013,17
7/23/2013,29
7/24/2013,15
7/25/2013,17
7/26/2013,26
7/27/2013,32
7/28/2013,11
7/29/2013,14
7/30/2013,13
7/31/2013,24
8/1/2013,17
8/2/2013,19
8/3/2013,16
8/4/2013,14
8/5/2013,14
8/6/2013,14
8/7/2013,27
8/8/2013,23
8/9/2013,23
8/10/2013,23
8/11/2013,18
8/12/2013,11
8/13/2013,9
8/14/2013,15
8/15/2013,25
8/16/2013,10
8/17/2013,18
8/18/2013,16
8/19/2013,20
8/20/2013,24
8/21/2013,19
8/22/2013,9
8/23/2013,27
8/24/2013,20
8/25/2013,25
8/26/2013,15
8/27/2013,21
8/28/2013,30
8/29/2013,19
8/30/2013,23
8/31/2013,20
9/1/2013,21
9/2/2013,15
9/3/2013,25
9/4/2013,29
9/5/2013,28
9/6/2013,23
9/7/2013,24
9/8/2013,29
9/9/2013,22
9/10/2013,25
9/11/2013,35
9/12/2013,23
9/13/2013,28
9/14/2013,28
9/15/2013,22
9/16/2013,26
9/17/2013,27
9/18/2013,26
9/19/2013,16
9/20/2013,31
9/21/2013,23
9/22/2013,12
9/23/2013,20
9/24/2013,19
9/25/2013,20
9/26/2013,20
9/27/2013,21
9/28/2013,30
9/29/2013,19
9/30/2013,12
10/1/2013,27
10/2/2013,23
10/3/2013,7
10/4/2013,25
10/5/2013,17
10/6/2013,13
10/7/2013,15
10/8/2013,18
10/9/2013,16
10/10/2013,20
10/11/2013,25
10/12/2013,22
10/13/2013,13
10/14/2013,25
10/15/2013,26
10/16/2013,14
10/17/2013,16
10/18/2013,22
10/19/2013,20
10/20/2013,18
10/21/2013,18
10/22/2013,17
10/23/2013,9
10/24/2013,10
10/25/2013,16
10/26/2013,15
10/27/2013,30
10/28/2013,15
10/29/2013,22
10/30/2013,16
10/31/2013,17
11/1/2013,30
11/2/2013,11
11/3/2013,13
11/4/2013,21
11/5/2013,13
11/6/2013,17
11/7/2013,11
11/8/2013,20
11/9/2013,11
11/10/2013,15
11/11/2013,16
11/12/2013,13
11/13/2013,11
11/14/2013,16
11/15/2013,16
11/16/2013,18
11/17/2013,15
11/18/2013,15
11/19/2013,11
11/20/2013,18
11/21/2013,20
11/22/2013,13
11/23/2013,15
11/24/2013,8
11/25/2013,14
11/26/2013,15
11/27/2013,10
11/28/2013,13
11/29/2013,14
11/30/2013,20
12/1/2013,21
12/2/2013,13
12/3/2013,11
12/4/2013,23
12/5/2013,24
12/6/2013,22
12/7/2013,22
12/8/2013,13
12/9/2013,10
12/10/2013,17
12/11/2013,15
12/12/2013,21
12/13/2013,15
12/14/2013,22
12/15/2013,20
12/16/2013,18
12/17/2013,19
12/18/2013,15
12/19/2013,20
12/20/2013,17
12/21/2013,12
12/22/2013,19
12/23/2013,15
12/24/2013,22
12/25/2013,12
12/26/2013,18
12/27/2013,15
12/28/2013,20
12/29/2013,15
12/30/2013,15
12/31/2013,16
1/1/2014,12
1/2/2014,15
1/3/2014,24
1/4/2014,9
1/5/2014,15
1/6/2014,23
1/7/2014,23
1/8/2014,21
1/9/2014,18
1/10/2014,16
1/11/2014,20
1/12/2014,9
1/13/2014,16
1/14/2014,21
1/15/2014,15
1/16/2014,17
1/17/2014,20
1/18/2014,13
1/19/2014,17
1/20/2014,10
1/21/2014,14
1/22/2014,13
1/23/2014,16
1/24/2014,20
1/25/2014,9
1/26/2014,23
1/27/2014,18
1/28/2014,23
1/29/2014,11
1/30/2014,17
1/31/2014,19
2/1/2014,12
2/2/2014,17
2/3/2014,16
2/4/2014,21
2/5/2014,13
2/6/2014,15
2/7/2014,21
2/8/2014,19
2/9/2014,18
2/10/2014,20
2/11/2014,12
2/12/2014,12
2/13/2014,15
2/14/2014,27
2/15/2014,21
2/16/2014,11
2/17/2014,13
2/18/2014,15
2/19/2014,6
2/20/2014,8
2/21/2014,25
2/22/2014,24
2/23/2014,13
2/24/2014,14
2/25/2014,15
2/26/2014,8
2/27/2014,19
2/28/2014,12
3/1/2014,25
3/2/2014,14
3/3/2014,9
3/4/2014,14
3/5/2014,11
3/6/2014,12
3/7/2014,16
3/8/2014,9
3/9/2014,11
3/10/2014,17
3/11/2014,17
3/12/2014,10
3/13/2014,18
3/14/2014,24
3/15/2014,19
3/16/2014,20
3/17/2014,20
3/18/2014,17
3/19/2014,24
3/20/2014,20
3/21/2014,12
3/22/2014,16
3/23/2014,13
3/24/2014,28
3/25/2014,19
3/26/2014,22
3/27/2014,16
3/28/2014,27
3/29/2014,15
3/30/2014,15
3/31/2014,18
4/1/2014,20
4/2/2014,11
4/3/2014,30
4/4/2014,17
4/5/2014,32
4/6/2014,19
4/7/2014,22
4/8/2014,15
4/9/2014,19
4/10/2014,31
4/11/2014,19
4/12/2014,18
4/13/2014,18
4/14/2014,13
4/15/2014,19
4/16/2014,27
4/17/2014,20
4/18/2014,31
4/19/2014,26
4/20/2014,19
4/21/2014,26
4/22/2014,30
4/23/2014,29
4/24/2014,31
4/25/2014,20
4/26/2014,21
4/27/2014,16
4/28/2014,17
4/29/2014,16
4/30/2014,18
5/1/2014,13
5/2/2014,18
5/3/2014,16
5/4/2014,17
5/5/2014,26
5/6/2014,20
5/7/2014,18
5/8/2014,15
5/9/2014,13
5/10/2014,26
5/11/2014,25
5/12/2014,19
5/13/2014,10
5/14/2014,21
5/15/2014,18
5/16/2014,24
5/17/2014,29
5/18/2014,17
5/19/2014,25
5/20/2014,19
5/21/2014,20
5/22/2014,19
5/23/2014,27
5/24/2014,23
5/25/2014,27
5/26/2014,28
5/27/2014,22
5/28/2014,26
5/29/2014,19
5/30/2014,19
5/31/2014,22
6/1/2014,19
6/2/2014,14
6/3/2014,27
6/4/2014,26
6/5/2014,15
6/6/2014,23
6/7/2014,17
6/8/2014,19
6/9/2014,22
6/10/2014,18
6/11/2014,11
6/12/2014,18
6/13/2014,20
6/14/2014,27
6/15/2014,22
6/16/2014,17
6/17/2014,10
6/18/2014,26
6/19/2014,17
6/20/2014,27
6/21/2014,18
6/22/2014,22
6/23/2014,23
6/24/2014,15
6/25/2014,36
6/26/2014,35
6/27/2014,39
6/28/2014,36
6/29/2014,35
6/30/2014,29
7/1/2014,20
7/2/2014,19
7/3/2014,25
7/4/2014,28
7/5/2014,25
7/6/2014,23
7/7/2014,24
7/8/2014,13
7/9/2014,25
7/10/2014,20
7/11/2014,15
7/12/2014,21
7/13/2014,27
7/14/2014,22
7/15/2014,11
7/16/2014,20
7/17/2014,15
7/18/2014,19
7/19/2014,24
7/20/2014,20
7/21/2014,26
7/22/2014,24
7/23/2014,24
7/24/2014,19
7/25/2014,20
7/26/2014,18
7/27/2014,25
7/28/2014,15
7/29/2014,19
7/30/2014,28
7/31/2014,16
8/1/2014,26
8/2/2014,21
8/3/2014,19
8/4/2014,22
8/5/2014,13
8/6/2014,20
8/7/2014,28
8/8/2014,24
8/9/2014,16
8/10/2014,21
8/11/2014,21
8/12/2014,17
8/13/2014,28
8/14/2014,27
8/15/2014,16
8/16/2014,21
8/17/2014,24
8/18/2014,28
8/19/2014,19
8/20/2014,21
8/21/2014,18
8/22/2014,25
8/23/2014,22
8/24/2014,15
8/25/2014,27
8/26/2014,22
8/27/2014,10
8/28/2014,17
8/29/2014,16
8/30/2014,17
8/31/2014,24
9/1/2014,14
9/2/2014,22
9/3/2014,19
9/4/2014,14
9/5/2014,15
9/6/2014,12
9/7/2014,16
9/8/2014,13
9/9/2014,12
9/10/2014,19
9/11/2014,16
9/12/2014,21
9/13/2014,10
9/14/2014,19
9/15/2014,22
9/16/2014,11
9/17/2014,17
9/18/2014,19
9/19/2014,16
9/20/2014,15
9/21/2014,20
9/22/2014,5
9/23/2014,19
9/24/2014,19
9/25/2014,17
9/26/2014,19
9/27/2014,15
9/28/2014,18
9/29/2014,24
9/30/2014,18
10/1/2014,20
10/2/2014,15
10/3/2014,36
10/4/2014,25
10/5/2014,21
10/6/2014,18
10/7/2014,36
10/8/2014,29
10/9/2014,18
10/10/2014,20
10/11/2014,22
10/12/2014,23
10/13/2014,21
10/14/2014,23
10/15/2014,27
10/16/2014,20
10/17/2014,25
10/18/2014,20
10/19/2014,23
10/20/2014,18
10/21/2014,24
10/22/2014,22
10/23/2014,14
10/24/2014,15
10/25/2014,24
10/26/2014,25
10/27/2014,18
10/28/2014,25
10/29/2014,34
10/30/2014,21
10/31/2014,22
11/1/2014,23
11/2/2014,12
11/3/2014,18
11/4/2014,19
11/5/2014,26
11/6/2014,15
11/7/2014,23
11/8/2014,22
11/9/2014,19
11/10/2014,20
11/11/2014,16
11/12/2014,19
11/13/2014,12
11/14/2014,17
11/15/2014,23
11/16/2014,21
11/17/2014,11
11/18/2014,19
11/19/2014,16
11/20/2014,23
11/21/2014,25
11/22/2014,22
11/23/2014,17
11/24/2014,19
11/25/2014,21
11/26/2014,24
11/27/2014,10
11/28/2014,22
11/29/2014,19
11/30/2014,13
12/1/2014,20
12/2/2014,17
12/3/2014,13
12/4/2014,18
12/5/2014,16
12/6/2014,28
12/7/2014,15
12/8/2014,16
12/9/2014,24
12/10/2014,24
12/11/2014,11
12/12/2014,29
12/13/2014,28
12/14/2014,27
12/15/2014,16
12/16/2014,23
12/17/2014,17
12/18/2014,18
12/19/2014,17
12/20/2014,15
12/21/2014,20
12/22/2014,21
12/23/2014,17
12/24/2014,14
12/25/2014,15
12/26/2014,16
12/27/2014,9
12/28/2014,20
12/29/2014,16
12/30/2014,20
12/31/2014,26
1/1/2015,18
1/2/2015,22
1/3/2015,12
1/4/2015,12
1/5/2015,22
1/6/2015,11
1/7/2015,17
1/8/2015,6
1/9/2015,15
1/10/2015,20
1/11/2015,19
1/12/2015,18
1/13/2015,14
1/14/2015,18
1/15/2015,19
1/16/2015,35
1/17/2015,18
1/18/2015,20
1/19/2015,23
1/20/2015,29
1/21/2015,18
1/22/2015,22
1/23/2015,30
1/24/2015,27
1/25/2015,23
1/26/2015,18
1/27/2015,17
1/28/2015,25
1/29/2015,16
1/30/2015,24
1/31/2015,18
2/1/2015,22
2/2/2015,26
2/3/2015,17
2/4/2015,23
2/5/2015,15
2/6/2015,19
2/7/2015,13
2/8/2015,16
2/9/2015,18
2/10/2015,20
2/11/2015,19
2/12/2015,15
2/13/2015,20
2/14/2015,14
2/15/2015,23
2/16/2015,19
2/17/2015,26
2/18/2015,22
2/19/2015,25
2/20/2015,17
2/21/2015,29
2/22/2015,14
2/23/2015,20
2/24/2015,20
2/25/2015,20
2/26/2015,18
2/27/2015,22
2/28/2015,20
3/1/2015,16
3/2/2015,13
3/3/2015,13
3/4/2015,15
3/5/2015,15
3/6/2015,17
3/7/2015,24
3/8/2015,21
3/9/2015,19
3/10/2015,22
3/11/2015,23
3/12/2015,15
3/13/2015,25
3/14/2015,21
3/15/2015,20
3/16/2015,14
3/17/2015,12
3/18/2015,16
3/19/2015,19
3/20/2015,22
3/21/2015,17
3/22/2015,35
3/23/2015,15
3/24/2015,24
3/25/2015,29
3/26/2015,26
3/27/2015,33
3/28/2015,19
3/29/2015,22
3/30/2015,24
3/31/2015,20
4/1/2015,27
4/2/2015,29
4/3/2015,29
4/4/2015,22
4/5/2015,20
4/6/2015,21
4/7/2015,18
4/8/2015,33
4/9/2015,31
4/10/2015,18
4/11/2015,21
4/12/2015,21
4/13/2015,28
4/14/2015,19
4/15/2015,24
4/16/2015,21
4/17/2015,23
4/18/2015,40
4/19/2015,24
4/20/2015,15
4/21/2015,19
4/22/2015,19
4/23/2015,21
4/24/2015,32
4/25/2015,33
4/26/2015,19
4/27/2015,25
4/28/2015,24
4/29/2015,27
4/30/2015,25
5/1/2015,27
5/2/2015,33
5/3/2015,25
5/4/2015,25
5/5/2015,25
5/6/2015,37
5/7/2015,41
5/8/2015,31
5/9/2015,27
5/10/2015,25
5/11/2015,33
5/12/2015,24
5/13/2015,22
5/14/2015,32
5/15/2015,22
5/16/2015,29
5/17/2015,23
5/18/2015,20
5/19/2015,25
5/20/2015,21
5/21/2015,33
5/22/2015,23
5/23/2015,17
5/24/2015,26
5/25/2015,24
5/26/2015,27
5/27/2015,28
5/28/2015,26
5/29/2015,25
5/30/2015,25
5/31/2015,24
6/1/2015,28
6/2/2015,18
6/3/2015,26
6/4/2015,12
6/5/2015,35
6/6/2015,19
6/7/2015,20
6/8/2015,28
6/9/2015,17
6/10/2015,21
6/11/2015,24
6/12/2015,30
6/13/2015,26
6/14/2015,27
6/15/2015,19
6/16/2015,28
6/17/2015,15
6/18/2015,21
6/19/2015,25
6/20/2015,21
6/21/2015,22
6/22/2015,24
6/23/2015,23
6/24/2015,32
6/25/2015,19
6/26/2015,31
6/27/2015,22
6/28/2015,38
6/29/2015,25
6/30/2015,21
7/1/2015,21
7/2/2015,21
7/3/2015,30
7/4/2015,25
7/5/2015,29
7/6/2015,30
7/7/2015,25
7/8/2015,17
7/9/2015,25
7/10/2015,33
7/11/2015,22
7/12/2015,15
7/13/2015,26
7/14/2015,12
7/15/2015,18
7/16/2015,11
7/17/2015,21
7/18/2015,11
7/19/2015,20
7/20/2015,27
7/21/2015,20
7/22/2015,20
7/23/2015,16
7/24/2015,29
7/25/2015,14
7/26/2015,18
7/27/2015,14
7/28/2015,16
7/29/2015,12
7/30/2015,15
7/31/2015,20
8/1/2015,23
8/2/2015,24
8/3/2015,11
8/4/2015,8
8/5/2015,29
8/6/2015,16
8/7/2015,24
8/8/2015,12
8/9/2015,12
8/10/2015,23
8/11/2015,29
8/12/2015,19
8/13/2015,30
8/14/2015,21
8/15/2015,12
8/16/2015,14
8/17/2015,17
8/18/2015,23
8/19/2015,16
8/20/2015,17
8/21/2015,20
8/22/2015,26
8/23/2015,15
8/24/2015,33
8/25/2015,20
8/26/2015,31
8/27/2015,25
8/28/2015,21
8/29/2015,27
8/30/2015,18
8/31/2015,14
9/1/2015,16
9/2/2015,20
9/3/2015,14
9/4/2015,29
9/5/2015,18
9/6/2015,19
9/7/2015,13
9/8/2015,20
9/9/2015,20
9/10/2015,19
9/11/2015,25
9/12/2015,20
9/13/2015,11
9/14/2015,16
9/15/2015,18
9/16/2015,15
9/17/2015,27
9/18/2015,29
9/19/2015,33
9/20/2015,32
9/21/2015,18
9/22/2015,22
9/23/2015,30
9/24/2015,15
9/25/2015,16
9/26/2015,19
9/27/2015,22
9/28/2015,33
9/29/2015,21
9/30/2015,18
10/1/2015,22
10/2/2015,23
10/3/2015,19
10/4/2015,24
10/5/2015,27
10/6/2015,24
10/7/2015,16
10/8/2015,28
10/9/2015,16
10/10/2015,18
10/11/2015,25
10/12/2015,22
10/13/2015,26
10/14/2015,23
10/15/2015,17
10/16/2015,23
10/17/2015,14
10/18/2015,22
10/19/2015,20
10/20/2015,33
10/21/2015,18
10/22/2015,21
10/23/2015,23
10/24/2015,25
10/25/2015,24
10/26/2015,33
10/27/2015,24
10/28/2015,17
10/29/2015,27
10/30/2015,28
10/31/2015,28
11/1/2015,28
11/2/2015,15
11/3/2015,19
11/4/2015,24
11/5/2015,21
11/6/2015,20
11/7/2015,21
11/8/2015,21
11/9/2015,15
11/10/2015,23
11/11/2015,18
11/12/2015,21
11/13/2015,23
11/14/2015,23
11/15/2015,29
11/16/2015,22
11/17/2015,22
11/18/2015,27
11/19/2015,22
11/20/2015,24
11/21/2015,26
11/22/2015,19
11/23/2015,18
11/24/2015,21
11/25/2015,23
11/26/2015,18
11/27/2015,10
11/28/2015,23
11/29/2015,24
11/30/2015,19
12/1/2015,23
12/2/2015,19
12/3/2015,21
12/4/2015,23
12/5/2015,25
12/6/2015,22
12/7/2015,22
12/8/2015,20
12/9/2015,28
12/10/2015,22
12/11/2015,27
12/12/2015,16
12/13/2015,18
12/14/2015,25
12/15/2015,9
12/16/2015,14
12/17/2015,20
12/18/2015,18
12/19/2015,15
12/20/2015,16
12/21/2015,22
12/22/2015,24
12/23/2015,24
12/24/2015,27
12/25/2015,17
12/26/2015,16
12/27/2015,22
12/28/2015,16
12/29/2015,19
12/30/2015,37
12/31/2015,22
1/1/2016,20
1/2/2016,16
1/3/2016,19
1/4/2016,15
1/5/2016,19
1/6/2016,14
1/7/2016,18
1/8/2016,16
1/9/2016,13
1/10/2016,17
1/11/2016,24
1/12/2016,32
1/13/2016,24
1/14/2016,15
1/15/2016,22
1/16/2016,20
1/17/2016,20
1/18/2016,18
1/19/2016,21
1/20/2016,15
1/21/2016,25
1/22/2016,20
1/23/2016,12
1/24/2016,15
1/25/2016,16
1/26/2016,17
1/27/2016,15
1/28/2016,14
1/29/2016,21
1/30/2016,16
1/31/2016,16
2/1/2016,23
2/2/2016,21
2/3/2016,14
2/4/2016,16
2/5/2016,27
2/6/2016,20
2/7/2016,20
2/8/2016,18
2/9/2016,14
2/10/2016,12
2/11/2016,13
2/12/2016,14
2/13/2016,18
2/14/2016,14
2/15/2016,25
2/16/2016,23
2/17/2016,14
2/18/2016,14
2/19/2016,18
2/20/2016,19
2/21/2016,30
2/22/2016,24
2/23/2016,19
2/24/2016,17
2/25/2016,21
2/26/2016,22
2/27/2016,22
2/28/2016,16
2/29/2016,16
3/1/2016,18
3/2/2016,19
3/3/2016,18
3/4/2016,24
3/5/2016,17
3/6/2016,23
3/7/2016,17
3/8/2016,15
3/9/2016,13
3/10/2016,21
3/11/2016,20
3/12/2016,11
3/13/2016,23
3/14/2016,12
3/15/2016,17
3/16/2016,17
3/17/2016,18
3/18/2016,26
3/19/2016,23
3/20/2016,16
3/21/2016,10
3/22/2016,8
3/23/2016,10
3/24/2016,7
3/25/2016,14
3/26/2016,21
3/27/2016,12
3/28/2016,20
3/29/2016,10
3/30/2016,12
3/31/2016,17
4/1/2016,24
4/2/2016,19
4/3/2016,13
4/4/2016,19
4/5/2016,12
4/6/2016,12
4/7/2016,23
4/8/2016,15
4/9/2016,23
4/10/2016,16
4/11/2016,12
4/12/2016,16
4/13/2016,29
4/14/2016,10
4/15/2016,26
4/16/2016,16
4/17/2016,18
4/18/2016,16
4/19/2016,12
4/20/2016,27
4/21/2016,21
4/22/2016,8
4/23/2016,14
4/24/2016,12
4/25/2016,7
4/26/2016,16
4/27/2016,24
4/28/2016,17
4/29/2016,12
4/30/2016,22
5/1/2016,16
5/2/2016,20
5/3/2016,10
5/4/2016,15
5/5/2016,18
5/6/2016,24
5/7/2016,11
5/8/2016,15
5/9/2016,12
5/10/2016,10
5/11/2016,22
5/12/2016,17
5/13/2016,12
5/14/2016,20
5/15/2016,22
5/16/2016,17
5/17/2016,18
5/18/2016,22
5/19/2016,14
5/20/2016,10
5/21/2016,12
5/22/2016,13
5/23/2016,24
5/24/2016,16
5/25/2016,26
5/26/2016,12
5/27/2016,19
5/28/2016,11
5/29/2016,11
5/30/2016,16
5/31/2016,8
6/1/2016,15
6/2/2016,15
6/3/2016,19
6/4/2016,15
6/5/2016,14
6/6/2016,15
6/7/2016,13
6/8/2016,10
6/9/2016,14
6/10/2016,15
6/11/2016,14
6/12/2016,16
6/13/2016,16
6/14/2016,22
6/15/2016,17
6/16/2016,17
6/17/2016,20
6/18/2016,13
6/19/2016,18
6/20/2016,13
6/21/2016,13
6/22/2016,13
6/23/2016,11
6/24/2016,19
6/25/2016,21
6/26/2016,17
6/27/2016,25
6/28/2016,23
6/29/2016,14
6/30/2016,11
7/1/2016,9
7/2/2016,16
7/3/2016,16
7/4/2016,11
7/5/2016,18
7/6/2016,14
7/7/2016,16
7/8/2016,18
7/9/2016,16
7/10/2016,18
7/11/2016,16
7/12/2016,13
7/13/2016,12
7/14/2016,11
7/15/2016,31
7/16/2016,18
7/17/2016,18
7/18/2016,10
7/19/2016,19
7/20/2016,13
7/21/2016,20
7/22/2016,21
7/23/2016,21
7/24/2016,16
7/25/2016,16
7/26/2016,19
7/27/2016,24
7/28/2016,25
7/29/2016,21
7/30/2016,18
7/31/2016,17
8/1/2016,25
8/2/2016,20
8/3/2016,10
8/4/2016,15
8/5/2016,19
8/6/2016,18
8/7/2016,16
8/8/2016,16
8/9/2016,22
8/10/2016,15
8/11/2016,22
8/12/2016,10
8/13/2016,19
8/14/2016,12
8/15/2016,18
8/16/2016,13
8/17/2016,21
8/18/2016,21
8/19/2016,23
8/20/2016,15
8/21/2016,25
8/22/2016,22
8/23/2016,12
8/24/2016,18
8/25/2016,20
8/26/2016,26
8/27/2016,21
8/28/2016,17
8/29/2016,8
8/30/2016,21
8/31/2016,23
9/1/2016,16
9/2/2016,12
9/3/2016,14
9/4/2016,16
9/5/2016,21
9/6/2016,13
9/7/2016,17
9/8/2016,16
9/9/2016,17
9/10/2016,19
9/11/2016,16
9/12/2016,15
9/13/2016,14
9/14/2016,13
9/15/2016,10
9/16/2016,13
9/17/2016,16
9/18/2016,18
9/19/2016,18
9/20/2016,11
9/21/2016,11
9/22/2016,30
9/23/2016,20
9/24/2016,21
9/25/2016,20
9/26/2016,16
9/27/2016,14
9/28/2016,12
9/29/2016,14
9/30/2016,20
10/1/2016,19
10/2/2016,18
10/3/2016,26
10/4/2016,27
10/5/2016,15
10/6/2016,17
10/7/2016,18
10/8/2016,24
10/9/2016,31
10/10/2016,17
10/11/2016,22
10/12/2016,18
10/13/2016,14
10/14/2016,20
10/15/2016,13
10/16/2016,11
10/17/2016,15
10/18/2016,18
10/19/2016,18
10/20/2016,23
10/21/2016,30
10/22/2016,23
10/23/2016,18
10/24/2016,24
10/25/2016,14
10/26/2016,13
10/27/2016,16
10/28/2016,20
10/29/2016,15
10/30/2016,29
10/31/2016,16
11/1/2016,25
11/2/2016,29
11/3/2016,17
11/4/2016,19
11/5/2016,18
11/6/2016,14
11/7/2016,12
11/8/2016,18
11/9/2016,26
11/10/2016,23
11/11/2016,16
11/12/2016,21
11/13/2016,16
11/14/2016,19
11/15/2016,14
11/16/2016,19
11/17/2016,14
11/18/2016,26
11/19/2016,23
11/20/2016,22
11/21/2016,14
11/22/2016,20
11/23/2016,27
11/24/2016,12
11/25/2016,18
11/26/2016,21
11/27/2016,21
11/28/2016,20
11/29/2016,13
11/30/2016,29
12/1/2016,13
12/2/2016,17
12/3/2016,23
12/4/2016,21
12/5/2016,24
12/6/2016,23
12/7/2016,26
12/8/2016,16
12/9/2016,17
12/10/2016,15
12/11/2016,18
12/12/2016,16
12/13/2016,18
12/14/2016,31
12/15/2016,15
12/16/2016,21
12/17/2016,16
12/18/2016,16
12/19/2016,31
12/20/2016,14
12/21/2016,22
12/22/2016,10
12/23/2016,12
12/24/2016,14
12/25/2016,15
12/26/2016,9
12/27/2016,22
12/28/2016,11
12/29/2016,12
12/30/2016,18
12/31/2016,21
1/1/2017,9
1/2/2017,17
1/3/2017,20
1/4/2017,20
1/5/2017,22
1/6/2017,12
1/7/2017,10
1/8/2017,12
1/9/2017,11
1/10/2017,13
1/11/2017,15
1/12/2017,15
1/13/2017,17
1/14/2017,18
1/15/2017,12
1/16/2017,12
1/17/2017,13
1/18/2017,10
1/19/2017,12
1/20/2017,21
1/21/2017,23
1/22/2017,13
1/23/2017,17
1/24/2017,15
1/25/2017,11
1/26/2017,18
1/27/2017,23
1/28/2017,28
1/29/2017,19
1/30/2017,13
1/31/2017,13
2/1/2017,14
2/2/2017,20
2/3/2017,28
2/4/2017,25
2/5/2017,15
2/6/2017,22
2/7/2017,12
2/8/2017,20
2/9/2017,16
2/10/2017,21
2/11/2017,24
2/12/2017,20
2/13/2017,18
2/14/2017,23
2/15/2017,11
2/16/2017,13
2/17/2017,18
2/18/2017,23
2/19/2017,22
2/20/2017,12
2/21/2017,15
2/22/2017,11
2/23/2017,24
2/24/2017,11
2/25/2017,28
2/26/2017,13
2/27/2017,11
2/28/2017,18
3/1/2017,23
3/2/2017,27
3/3/2017,23
3/4/2017,24
3/5/2017,27
3/6/2017,16
3/7/2017,11
3/8/2017,19
3/9/2017,14
3/10/2017,23
3/11/2017,14
3/12/2017,25
3/13/2017,18
3/14/2017,17
3/15/2017,20
3/16/2017,17
3/17/2017,24
3/18/2017,22
3/19/2017,15
3/20/2017,7
3/21/2017,12
3/22/2017,21
3/23/2017,15
3/24/2017,18
3/25/2017,24
3/26/2017,22
3/27/2017,9
3/28/2017,12
3/29/2017,13
3/30/2017,19
3/31/2017,21
4/1/2017,19
4/2/2017,8
4/3/2017,16
4/4/2017,25
4/5/2017,12
4/6/2017,24
4/7/2017,24
4/8/2017,18
4/9/2017,23
4/10/2017,22
4/11/2017,15
4/12/2017,32
4/13/2017,20
4/14/2017,16
4/15/2017,21
4/16/2017,15
4/17/2017,16
4/18/2017,20
4/19/2017,14
4/20/2017,21
4/21/2017,15
4/22/2017,9
4/23/2017,20
4/24/2017,11
4/25/2017,19
4/26/2017,14
4/27/2017,22
4/28/2017,17
4/29/2017,24
4/30/2017,20
5/1/2017,11
5/2/2017,8
5/3/2017,18
5/4/2017,19
5/5/2017,11
5/6/2017,12
5/7/2017,15
5/8/2017,12
5/9/2017,16
5/10/2017,26
5/11/2017,16
5/12/2017,9
5/13/2017,17
5/14/2017,10
5/15/2017,18
5/16/2017,16
5/17/2017,14
5/18/2017,13
5/19/2017,25
5/20/2017,21
5/21/2017,17
5/22/2017,15
5/23/2017,14
5/24/2017,7
5/25/2017,18
5/26/2017,22
5/27/2017,12
5/28/2017,20
5/29/2017,14
5/30/2017,20
5/31/2017,4
6/1/2017,15
6/2/2017,10
6/3/2017,13
6/4/2017,16
6/5/2017,11
6/6/2017,7
6/7/2017,20
6/8/2017,12
6/9/2017,9
6/10/2017,12
6/11/2017,14
6/12/2017,14
6/13/2017,20
6/14/2017,16
6/15/2017,10
6/16/2017,16
6/17/2017,15
6/18/2017,18
6/19/2017,11
6/20/2017,18
6/21/2017,19
6/22/2017,15
6/23/2017,23
6/24/2017,24
6/25/2017,24
6/26/2017,14
6/27/2017,17
6/28/2017,19
6/29/2017,23
6/30/2017,10
7/1/2017,20
7/2/2017,15
7/3/2017,14
7/4/2017,20
7/5/2017,13
7/6/2017,13
7/7/2017,14
7/8/2017,17
7/9/2017,14
7/10/2017,7
7/11/2017,16
7/12/2017,17
7/13/2017,22
7/14/2017,16
7/15/2017,16
7/16/2017,19
7/17/2017,12
7/18/2017,16
7/19/2017,17
7/20/2017,21
7/21/2017,20
7/22/2017,14
7/23/2017,16
7/24/2017,11
7/25/2017,19
7/26/2017,21
7/27/2017,13
7/28/2017,16
7/29/2017,17
7/30/2017,14
7/31/2017,20
8/1/2017,11
8/2/2017,15
8/3/2017,15
8/4/2017,17
8/5/2017,16
8/6/2017,14
8/7/2017,7
8/8/2017,19
8/9/2017,23
8/10/2017,15
8/11/2017,20
8/12/2017,15
8/13/2017,19
8/14/2017,14
8/15/2017,17
8/16/2017,14
8/17/2017,20
8/18/2017,11
8/19/2017,9
8/20/2017,17
8/21/2017,7
8/22/2017,12
8/23/2017,23
8/24/2017,12
8/25/2017,12
8/26/2017,10
8/27/2017,14
8/28/2017,14
8/29/2017,23
8/30/2017,13
8/31/2017,9
9/1/2017,18
9/2/2017,11
9/3/2017,14
9/4/2017,7
9/5/2017,9
9/6/2017,8
9/7/2017,9
9/8/2017,22
9/9/2017,15
9/10/2017,15
9/11/2017,10
9/12/2017,12
9/13/2017,9
9/14/2017,16
9/15/2017,14
9/16/2017,11
9/17/2017,14
9/18/2017,24
9/19/2017,15
9/20/2017,12
9/21/2017,15
9/22/2017,26
9/23/2017,15
9/24/2017,14
9/25/2017,16
9/26/2017,17
9/27/2017,22
9/28/2017,13
9/29/2017,16
9/30/2017,17
10/1/2017,11
10/2/2017,12
10/3/2017,14
10/4/2017,11
10/5/2017,27
10/6/2017,16
10/7/2017,29
10/8/2017,22
10/9/2017,26
10/10/2017,18
10/11/2017,21
10/12/2017,17
10/13/2017,20
10/14/2017,26
10/15/2017,27
10/16/2017,15
10/17/2017,15
10/18/2017,14
10/19/2017,25
10/20/2017,15
10/21/2017,19
10/22/2017,14
10/23/2017,16
10/24/2017,20
10/25/2017,22
10/26/2017,16
10/27/2017,21
10/28/2017,20
10/29/2017,11
10/30/2017,23
10/31/2017,17
11/1/2017,11
11/2/2017,12
11/3/2017,12
11/4/2017,9
11/5/2017,10
11/6/2017,10
11/7/2017,15
11/8/2017,14
11/9/2017,10
11/10/2017,10
11/11/2017,10
11/12/2017,8
11/13/2017,11
11/14/2017,14
11/15/2017,7
11/16/2017,6
11/17/2017,12
11/18/2017,9
11/19/2017,16
11/20/2017,14
11/21/2017,12
11/22/2017,10
11/23/2017,12
11/24/2017,10
11/25/2017,10
11/26/2017,6
11/27/2017,11
11/28/2017,9
11/29/2017,13
11/30/2017,6
12/1/2017,14
12/2/2017,11
12/3/2017,14
12/4/2017,12
12/5/2017,17
12/6/2017,8
12/7/2017,16
12/8/2017,13
12/9/2017,12
12/10/2017,10
12/11/2017,17
12/12/2017,8
12/13/2017,12
12/14/2017,9
12/15/2017,9
12/16/2017,11
12/17/2017,20
12/18/2017,8
12/19/2017,10
12/20/2017,8
12/21/2017,9
12/22/2017,12
12/23/2017,17
12/24/2017,4
12/25/2017,5
12/26/2017,16
12/27/2017,17
12/28/2017,18
12/29/2017,22
12/30/2017,19
12/31/2017,11
1/1/2018,14
1/2/2018,10
1/3/2018,14
1/4/2018,8
1/5/2018,17
1/6/2018,8
1/7/2018,7
1/8/2018,9
1/9/2018,9
1/10/2018,14
1/11/2018,10
1/12/2018,5
1/13/2018,14
1/14/2018,10
1/15/2018,13
1/16/2018,15
1/17/2018,14
1/18/2018,17
1/19/2018,10
1/20/2018,9
1/21/2018,14
1/22/2018,10
1/23/2018,13
1/24/2018,9
1/25/2018,14
1/26/2018,11
1/27/2018,16
1/28/2018,14
1/29/2018,6
1/30/2018,19
1/31/2018,12
2/1/2018,13
2/2/2018,15
2/3/2018,19
2/4/2018,14
2/5/2018,15
2/6/2018,11
2/7/2018,8
2/8/2018,14
2/9/2018,8
2/10/2018,13
2/11/2018,7
2/12/2018,8
2/13/2018,12
2/14/2018,13
2/15/2018,8
2/16/2018,11
2/17/2018,11
2/18/2018,10
2/19/2018,11
2/20/2018,6
2/21/2018,18
2/22/2018,8
2/23/2018,8
2/24/2018,15
2/25/2018,13
2/26/2018,13
2/27/2018,10
2/28/2018,11
3/1/2018,9
3/2/2018,11
3/3/2018,14
3/4/2018,8
3/5/2018,16
3/6/2018,12
3/7/2018,8
3/8/2018,9
3/9/2018,15
3/10/2018,10
3/11/2018,8
3/12/2018,5
3/13/2018,10
3/14/2018,10
3/15/2018,16
3/16/2018,16
3/17/2018,11
3/18/2018,14
3/19/2018,13
3/20/2018,7
3/21/2018,13
3/22/2018,6
3/23/2018,15
3/24/2018,14
3/25/2018,7
3/26/2018,8
3/27/2018,19
3/28/2018,13
3/29/2018,11
3/30/2018,14
3/31/2018,14
4/1/2018,18
4/2/2018,22
4/3/2018,17
4/4/2018,12
4/5/2018,11
4/6/2018,12
4/7/2018,11
4/8/2018,7
4/9/2018,13
4/10/2018,10
4/11/2018,10
4/12/2018,12
4/13/2018,14
4/14/2018,11
4/15/2018,8
4/16/2018,0
4/17/2018,9
4/18/2018,12
4/19/2018,14
4/20/2018,10
4/21/2018,15
4/22/2018,10
4/23/2018,5
4/24/2018,20
4/25/2018,10
4/26/2018,17
4/27/2018,16
4/28/2018,17
4/29/2018,7
4/30/2018,7
5/1/2018,11
5/2/2018,14
5/3/2018,9
5/4/2018,10
5/5/2018,8
5/6/2018,4
5/7/2018,3
5/8/2018,6
5/9/2018,1
5/10/2018,2
5/11/2018,2
5/12/2018,1
5/13/2018,1
5/14/2018,1
5/15/2018,1
